timestamp,mid_emeralds,mid_tomatoes,spread_emeralds,spread_tomatoes
0,10000.0,5006.0,16.0,14.0
100,10000.0,5006.5,16.0,13.0
200,10000.0,5006.5,16.0,13.0
300,10000.0,5007.0,16.0,14.0
400,10000.0,5007.0,16.0,14.0
500,10000.0,5007.0,16.0,14.0
600,10000.0,5007.0,16.0,14.0
700,10000.0,5007.0,16.0,14.0
800,10000.0,5006.5,16.0,13.0
900,10000.0,5006.5,16.0,13.0
1000,10000.0,5007.0,16.0,14.0
1100,10000.0,5006.5,16.0,13.0
1200,10004.0,5007.0,8.0,14.0
1300,10000.0,5007.5,16.0,13.0
1400,10000.0,5007.0,16.0,14.0
1500,10000.0,5007.0,16.0,14.0
1600,10000.0,5007.5,16.0,13.0
1700,10000.0,5007.0,16.0,14.0
1800,10000.0,5006.5,16.0,13.0
1900,10000.0,5006.5,16.0,13.0
2000,10000.0,5006.0,16.0,14.0
2100,10000.0,5005.5,16.0,13.0
2200,10000.0,5004.0,16.0,14.0
2300,10000.0,5003.5,16.0,13.0
2400,10000.0,5003.0,16.0,14.0
2500,10000.0,5002.5,16.0,13.0
2600,10000.0,5002.5,16.0,13.0
2700,10000.0,5003.5,16.0,13.0
2800,10000.0,5004.0,16.0,14.0
2900,10000.0,5004.0,16.0,14.0
3000,10000.0,5003.0,16.0,14.0
3100,10000.0,5003.0,16.0,14.0
3200,10000.0,5002.5,16.0,13.0
3300,10000.0,5003.0,16.0,14.0
3400,10000.0,5002.5,16.0,13.0
3500,10000.0,5001.5,16.0,13.0
3600,10000.0,5001.5,16.0,13.0
3700,10000.0,4998.5,16.0,7.0
3800,10000.0,5001.0,16.0,14.0
3900,10000.0,5005.5,16.0,7.0
4000,10000.0,5002.5,16.0,13.0
4100,10000.0,5002.5,16.0,13.0
4200,10000.0,4998.5,16.0,5.0
4300,10000.0,5001.5,16.0,13.0
4400,10000.0,5001.5,16.0,13.0
4500,10000.0,5002.0,16.0,14.0
4600,10000.0,5002.0,16.0,14.0
4700,10000.0,5002.0,16.0,14.0
4800,10000.0,5002.0,16.0,14.0
4900,10000.0,5002.0,16.0,14.0
5000,10000.0,5002.5,16.0,13.0
5100,9996.0,5002.5,8.0,13.0
5200,10000.0,5002.5,16.0,13.0
5300,10000.0,5002.5,16.0,13.0
5400,10000.0,4999.5,16.0,7.0
5500,10000.0,5002.5,16.0,13.0
5600,10000.0,5002.5,16.0,13.0
5700,10000.0,5002.0,16.0,14.0
5800,10000.0,5001.5,16.0,13.0
5900,10000.0,5004.0,16.0,8.0
6000,10000.0,5002.0,16.0,14.0
6100,10000.0,4999.0,16.0,8.0
6200,10000.0,5002.5,16.0,13.0
6300,10000.0,5002.0,16.0,14.0
6400,10000.0,5005.0,16.0,8.0
6500,10000.0,5002.0,16.0,14.0
6600,10000.0,5002.5,16.0,13.0
6700,10000.0,5002.5,16.0,13.0
6800,10000.0,5003.5,16.0,13.0
6900,10000.0,5003.0,16.0,14.0
7000,10000.0,5006.0,16.0,8.0
7100,10000.0,5004.5,16.0,13.0
7200,10000.0,5004.0,16.0,14.0
7300,10000.0,5004.0,16.0,14.0
7400,10000.0,5004.0,16.0,14.0
7500,10000.0,5004.5,16.0,13.0
7600,10000.0,5005.0,16.0,14.0
7700,10000.0,5005.0,16.0,14.0
7800,10000.0,5004.5,16.0,13.0
7900,10000.0,5005.5,16.0,13.0
8000,10000.0,5005.5,16.0,13.0
8100,10000.0,5006.0,16.0,14.0
8200,10000.0,5006.0,16.0,14.0
8300,10000.0,5006.0,16.0,14.0
8400,10004.0,5007.0,8.0,14.0
8500,10000.0,5007.0,16.0,14.0
8600,10000.0,5007.0,16.0,14.0
8700,10000.0,5007.5,16.0,13.0
8800,10000.0,5007.5,16.0,13.0
8900,10000.0,5007.0,16.0,14.0
9000,10000.0,5007.0,16.0,14.0
9100,9996.0,5006.5,8.0,13.0
9200,10000.0,5007.0,16.0,14.0
9300,10000.0,5007.0,16.0,14.0
9400,10000.0,5006.5,16.0,13.0
9500,10000.0,5006.5,16.0,13.0
9600,10000.0,5006.0,16.0,14.0
9700,10000.0,5006.5,16.0,13.0
9800,10000.0,5006.5,16.0,13.0
9900,10000.0,5006.5,16.0,13.0
10000,10000.0,5006.5,16.0,13.0
10100,10000.0,5007.0,16.0,14.0
10200,10000.0,5008.0,16.0,14.0
10300,10000.0,5008.5,16.0,13.0
10400,10000.0,5008.5,16.0,13.0
10500,10000.0,5009.0,16.0,14.0
10600,10000.0,5008.5,16.0,13.0
10700,10000.0,5008.5,16.0,13.0
10800,10000.0,5007.5,16.0,13.0
10900,10000.0,5006.5,16.0,13.0
11000,10000.0,5006.0,16.0,14.0
11100,10000.0,5005.5,16.0,13.0
11200,10000.0,5006.0,16.0,14.0
11300,10000.0,5005.5,16.0,13.0
11400,10000.0,5005.5,16.0,13.0
11500,10000.0,5005.5,16.0,13.0
11600,10000.0,5005.5,16.0,13.0
11700,10000.0,5005.5,16.0,13.0
11800,10000.0,5005.5,16.0,13.0
11900,10000.0,5006.0,16.0,14.0
12000,10000.0,5005.0,16.0,14.0
12100,10000.0,5005.5,16.0,13.0
12200,10000.0,5006.5,16.0,13.0
12300,10004.0,5004.0,8.0,8.0
12400,10004.0,5007.5,8.0,13.0
12500,10004.0,5007.0,8.0,14.0
12600,10000.0,5006.5,16.0,13.0
12700,10000.0,5005.5,16.0,13.0
12800,10000.0,5005.5,16.0,13.0
12900,10000.0,5000.5,16.0,5.0
13000,10000.0,5005.0,16.0,14.0
13100,10000.0,5004.0,16.0,14.0
13200,10000.0,5004.5,16.0,13.0
13300,10000.0,5004.5,16.0,13.0
13400,10000.0,5005.0,16.0,14.0
13500,10000.0,5005.5,16.0,13.0
13600,10000.0,5005.5,16.0,13.0
13700,10000.0,5008.0,16.0,8.0
13800,10000.0,5004.5,16.0,13.0
13900,10000.0,5004.0,16.0,14.0
14000,10000.0,5004.5,16.0,13.0
14100,10000.0,5007.0,16.0,8.0
14200,10000.0,5004.0,16.0,14.0
14300,10000.0,5003.5,16.0,13.0
14400,10000.0,5004.5,16.0,13.0
14500,10000.0,5000.5,16.0,7.0
14600,10000.0,5003.5,16.0,13.0
14700,10000.0,5003.0,16.0,14.0
14800,10000.0,5003.0,16.0,14.0
14900,10000.0,5002.5,16.0,13.0
15000,10000.0,5003.0,16.0,14.0
15100,10000.0,4999.5,16.0,5.0
15200,10000.0,4999.5,16.0,7.0
15300,10000.0,5003.0,16.0,14.0
15400,10000.0,5003.0,16.0,14.0
15500,10000.0,5003.5,16.0,13.0
15600,10000.0,5004.0,16.0,14.0
15700,10000.0,5004.0,16.0,14.0
15800,10000.0,5005.0,16.0,14.0
15900,10000.0,5004.5,16.0,13.0
16000,10000.0,5004.0,16.0,14.0
16100,10000.0,5004.0,16.0,14.0
16200,10000.0,5003.5,16.0,13.0
16300,10000.0,5002.5,16.0,13.0
16400,10000.0,5003.0,16.0,14.0
16500,10000.0,5003.0,16.0,14.0
16600,10000.0,5003.0,16.0,14.0
16700,10000.0,5002.5,16.0,13.0
16800,10000.0,5003.0,16.0,14.0
16900,10000.0,5002.5,16.0,13.0
17000,10000.0,5002.5,16.0,13.0
17100,10000.0,5002.0,16.0,14.0
17200,10000.0,4998.5,16.0,5.0
17300,10000.0,5003.0,16.0,14.0
17400,10000.0,5003.0,16.0,14.0
17500,10000.0,5003.0,16.0,14.0
17600,10000.0,5002.5,16.0,13.0
17700,10000.0,5002.5,16.0,13.0
17800,10000.0,5002.5,16.0,13.0
17900,10000.0,5002.0,16.0,14.0
18000,10000.0,5001.5,16.0,13.0
18100,10000.0,5002.0,16.0,14.0
18200,10000.0,5001.5,16.0,13.0
18300,10000.0,5001.0,16.0,14.0
18400,10000.0,5001.0,16.0,14.0
18500,10000.0,5000.5,16.0,13.0
18600,10000.0,5000.0,16.0,14.0
18700,10000.0,5000.0,16.0,14.0
18800,10000.0,4999.0,16.0,14.0
18900,10000.0,4998.5,16.0,13.0
19000,10000.0,4998.5,16.0,13.0
19100,10000.0,4995.0,16.0,8.0
19200,10000.0,4998.0,16.0,14.0
19300,10000.0,4999.0,16.0,14.0
19400,10000.0,4999.5,16.0,13.0
19500,10000.0,4999.5,16.0,13.0
19600,10000.0,4999.0,16.0,14.0
19700,10000.0,4999.5,16.0,13.0
19800,10000.0,4999.5,16.0,13.0
19900,10000.0,4999.0,16.0,14.0
20000,10000.0,4999.0,16.0,14.0
20100,10000.0,4998.5,16.0,13.0
20200,10000.0,4999.5,16.0,13.0
20300,10000.0,4999.5,16.0,13.0
20400,10000.0,4999.0,16.0,14.0
20500,10000.0,4998.0,16.0,14.0
20600,10000.0,4998.5,16.0,13.0
20700,10000.0,4998.5,16.0,13.0
20800,10004.0,4999.0,8.0,14.0
20900,10000.0,4999.5,16.0,13.0
21000,10000.0,5000.0,16.0,14.0
21100,10000.0,4999.0,16.0,14.0
21200,10000.0,4998.0,16.0,14.0
21300,10000.0,4998.5,16.0,13.0
21400,10000.0,4994.0,16.0,6.0
21500,10000.0,4999.0,16.0,14.0
21600,9996.0,4999.0,8.0,14.0
21700,10000.0,4999.0,16.0,14.0
21800,10000.0,4999.0,16.0,14.0
21900,10000.0,4998.0,16.0,14.0
22000,10000.0,4995.5,16.0,7.0
22100,10000.0,4998.0,16.0,14.0
22200,10000.0,4998.0,16.0,14.0
22300,9996.0,4998.0,8.0,14.0
22400,10000.0,4997.0,16.0,14.0
22500,10000.0,4997.5,16.0,13.0
22600,10000.0,4997.5,16.0,13.0
22700,10000.0,4997.5,16.0,13.0
22800,10000.0,4997.5,16.0,13.0
22900,10000.0,4997.5,16.0,13.0
23000,10000.0,4996.5,16.0,13.0
23100,10000.0,4996.5,16.0,13.0
23200,9996.0,4996.5,8.0,13.0
23300,10000.0,4996.0,16.0,14.0
23400,10000.0,4999.5,16.0,7.0
23500,10000.0,4995.5,16.0,13.0
23600,10000.0,4996.0,16.0,14.0
23700,10000.0,4996.0,16.0,14.0
23800,10000.0,4995.5,16.0,13.0
23900,10000.0,4995.0,16.0,14.0
24000,10000.0,4994.5,16.0,13.0
24100,10000.0,4995.5,16.0,13.0
24200,10000.0,4995.5,16.0,13.0
24300,10000.0,4995.5,16.0,13.0
24400,10000.0,4996.0,16.0,14.0
24500,10000.0,4995.5,16.0,13.0
24600,10000.0,4995.0,16.0,14.0
24700,10000.0,4994.5,16.0,13.0
24800,10000.0,4995.5,16.0,13.0
24900,10000.0,4995.0,16.0,14.0
25000,10000.0,4995.0,16.0,14.0
25100,10000.0,4991.0,16.0,6.0
25200,10000.0,4995.5,16.0,13.0
25300,10000.0,4995.5,16.0,13.0
25400,10000.0,4996.0,16.0,14.0
25500,10000.0,4996.0,16.0,14.0
25600,10000.0,4996.0,16.0,14.0
25700,10000.0,4996.0,16.0,14.0
25800,10000.0,4996.0,16.0,14.0
25900,10000.0,4995.5,16.0,13.0
26000,10000.0,4995.0,16.0,14.0
26100,10000.0,4995.0,16.0,14.0
26200,10000.0,4995.0,16.0,14.0
26300,10000.0,4994.0,16.0,14.0
26400,10000.0,4994.5,16.0,13.0
26500,10000.0,4994.5,16.0,13.0
26600,10000.0,4994.0,16.0,14.0
26700,10000.0,4991.5,16.0,7.0
26800,10000.0,4995.5,16.0,13.0
26900,10000.0,4994.5,16.0,13.0
27000,10000.0,4995.0,16.0,14.0
27100,10000.0,4995.5,16.0,13.0
27200,10000.0,4995.0,16.0,14.0
27300,10000.0,4990.5,16.0,5.0
27400,10000.0,4995.0,16.0,14.0
27500,10000.0,4994.5,16.0,13.0
27600,10000.0,4994.0,16.0,14.0
27700,10000.0,4994.0,16.0,14.0
27800,10000.0,4994.0,16.0,14.0
27900,10000.0,4993.5,16.0,13.0
28000,10000.0,4993.5,16.0,13.0
28100,10000.0,4993.5,16.0,13.0
28200,10000.0,4994.0,16.0,14.0
28300,10000.0,4994.0,16.0,14.0
28400,10000.0,4993.0,16.0,14.0
28500,10000.0,4993.0,16.0,14.0
28600,10000.0,4993.0,16.0,14.0
28700,10000.0,4993.5,16.0,13.0
28800,10000.0,4993.5,16.0,13.0
28900,10000.0,4993.0,16.0,14.0
29000,10000.0,4993.0,16.0,14.0
29100,10000.0,4992.0,16.0,14.0
29200,10000.0,4993.0,16.0,14.0
29300,10000.0,4992.5,16.0,13.0
29400,10000.0,4992.5,16.0,13.0
29500,10000.0,4991.5,16.0,13.0
29600,10000.0,4991.0,16.0,14.0
29700,10004.0,4990.5,8.0,13.0
29800,10000.0,4990.0,16.0,14.0
29900,10000.0,4987.0,16.0,8.0
30000,10000.0,4990.0,16.0,14.0
30100,10000.0,4986.0,16.0,8.0
30200,10000.0,4989.5,16.0,13.0
30300,10000.0,4989.5,16.0,13.0
30400,10000.0,4989.0,16.0,14.0
30500,10000.0,4989.0,16.0,14.0
30600,10000.0,4990.0,16.0,14.0
30700,10000.0,4990.0,16.0,14.0
30800,10000.0,4990.0,16.0,14.0
30900,10000.0,4989.0,16.0,14.0
31000,10000.0,4990.0,16.0,14.0
31100,9996.0,4991.0,8.0,14.0
31200,10000.0,4990.5,16.0,13.0
31300,10000.0,4990.0,16.0,14.0
31400,10000.0,4990.5,16.0,13.0
31500,10000.0,4990.0,16.0,14.0
31600,10000.0,4990.0,16.0,14.0
31700,10000.0,4990.0,16.0,14.0
31800,10000.0,4990.0,16.0,14.0
31900,10000.0,4989.5,16.0,13.0
32000,10000.0,4986.5,16.0,7.0
32100,10000.0,4990.5,16.0,13.0
32200,10004.0,4990.5,8.0,13.0
32300,10000.0,4990.5,16.0,13.0
32400,10000.0,4990.5,16.0,13.0
32500,10000.0,4991.0,16.0,14.0
32600,10000.0,4991.5,16.0,13.0
32700,10000.0,4991.0,16.0,14.0
32800,10000.0,4991.5,16.0,13.0
32900,10000.0,4991.5,16.0,13.0
33000,10000.0,4992.0,16.0,14.0
33100,10000.0,4991.0,16.0,14.0
33200,10000.0,4991.0,16.0,14.0
33300,10000.0,4990.5,16.0,13.0
33400,10000.0,4991.5,16.0,13.0
33500,10000.0,4995.0,16.0,6.0
33600,10000.0,4991.0,16.0,14.0
33700,10000.0,4990.5,16.0,13.0
33800,10000.0,4991.0,16.0,14.0
33900,10000.0,4991.0,16.0,14.0
34000,10000.0,4991.5,16.0,13.0
34100,10000.0,4990.5,16.0,13.0
34200,10000.0,4990.0,16.0,14.0
34300,10000.0,4990.0,16.0,14.0
34400,10000.0,4990.5,16.0,13.0
34500,9996.0,4990.5,8.0,13.0
34600,10000.0,4990.5,16.0,13.0
34700,10000.0,4991.0,16.0,14.0
34800,10000.0,4995.0,16.0,8.0
34900,10000.0,4991.5,16.0,13.0
35000,10000.0,4992.0,16.0,14.0
35100,10000.0,4993.0,16.0,14.0
35200,10000.0,4993.0,16.0,14.0
35300,10000.0,4993.0,16.0,14.0
35400,10000.0,4993.5,16.0,13.0
35500,10000.0,4993.5,16.0,13.0
35600,10000.0,4993.5,16.0,13.0
35700,10000.0,4993.5,16.0,13.0
35800,10000.0,4993.0,16.0,14.0
35900,10000.0,4993.5,16.0,13.0
36000,10000.0,4993.0,16.0,14.0
36100,10000.0,4993.0,16.0,14.0
36200,10000.0,4993.0,16.0,14.0
36300,10000.0,4993.5,16.0,13.0
36400,10000.0,4993.0,16.0,14.0
36500,10000.0,4993.0,16.0,14.0
36600,10000.0,4992.0,16.0,14.0
36700,10004.0,4991.5,8.0,13.0
36800,10000.0,4991.5,16.0,13.0
36900,10000.0,4992.0,16.0,14.0
37000,10000.0,4991.5,16.0,13.0
37100,10000.0,4991.5,16.0,13.0
37200,10000.0,4991.5,16.0,13.0
37300,10000.0,4991.5,16.0,13.0
37400,10000.0,4991.5,16.0,13.0
37500,10000.0,4992.0,16.0,14.0
37600,10000.0,4991.5,16.0,13.0
37700,10000.0,4991.5,16.0,13.0
37800,10000.0,4990.5,16.0,13.0
37900,10000.0,4987.5,16.0,7.0
38000,10000.0,4990.0,16.0,14.0
38100,10000.0,4989.0,16.0,14.0
38200,10000.0,4988.5,16.0,13.0
38300,10000.0,4984.5,16.0,5.0
38400,10000.0,4989.0,16.0,14.0
38500,10000.0,4988.0,16.0,14.0
38600,10000.0,4987.5,16.0,13.0
38700,10000.0,4987.5,16.0,13.0
38800,10000.0,4987.5,16.0,13.0
38900,10000.0,4987.5,16.0,13.0
39000,10000.0,4987.0,16.0,14.0
39100,10000.0,4986.5,16.0,13.0
39200,10000.0,4986.5,16.0,13.0
39300,10000.0,4985.5,16.0,13.0
39400,10000.0,4985.0,16.0,14.0
39500,10000.0,4985.0,16.0,14.0
39600,10000.0,4984.5,16.0,13.0
39700,10000.0,4984.5,16.0,13.0
39800,10000.0,4984.5,16.0,13.0
39900,10004.0,4985.5,8.0,13.0
40000,10000.0,4985.5,16.0,13.0
40100,10000.0,4984.0,16.0,14.0
40200,10000.0,4984.0,16.0,14.0
40300,10000.0,4981.5,16.0,7.0
40400,10000.0,4984.0,16.0,14.0
40500,9996.0,4983.5,8.0,13.0
40600,10000.0,4983.0,16.0,14.0
40700,10000.0,4983.5,16.0,13.0
40800,10000.0,4983.5,16.0,13.0
40900,10000.0,4983.5,16.0,13.0
41000,10000.0,4984.0,16.0,14.0
41100,10000.0,4984.5,16.0,13.0
41200,10000.0,4984.5,16.0,13.0
41300,9996.0,4981.5,8.0,7.0
41400,10000.0,4984.0,16.0,14.0
41500,10000.0,4984.5,16.0,13.0
41600,10000.0,4983.5,16.0,13.0
41700,10000.0,4984.0,16.0,14.0
41800,10000.0,4984.5,16.0,13.0
41900,10000.0,4984.5,16.0,13.0
42000,10000.0,4984.0,16.0,14.0
42100,10000.0,4984.0,16.0,14.0
42200,10000.0,4983.0,16.0,14.0
42300,10000.0,4985.0,16.0,8.0
42400,10000.0,4982.5,16.0,13.0
42500,10000.0,4982.0,16.0,14.0
42600,10000.0,4981.5,16.0,13.0
42700,10000.0,4982.5,16.0,13.0
42800,10000.0,4982.5,16.0,13.0
42900,10000.0,4986.0,16.0,6.0
43000,10000.0,4982.0,16.0,14.0
43100,10000.0,4982.0,16.0,14.0
43200,10000.0,4979.5,16.0,7.0
43300,10000.0,4982.0,16.0,14.0
43400,10000.0,4982.5,16.0,13.0
43500,10000.0,4983.0,16.0,14.0
43600,10000.0,4982.5,16.0,13.0
43700,10000.0,4982.5,16.0,13.0
43800,10000.0,4982.5,16.0,13.0
43900,10000.0,4982.0,16.0,14.0
44000,10000.0,4982.5,16.0,13.0
44100,10000.0,4982.5,16.0,13.0
44200,10000.0,4984.0,16.0,14.0
44300,10000.0,4984.5,16.0,13.0
44400,10000.0,4985.0,16.0,14.0
44500,10000.0,4984.5,16.0,13.0
44600,10000.0,4984.5,16.0,13.0
44700,10000.0,4984.5,16.0,13.0
44800,10000.0,4984.5,16.0,13.0
44900,10000.0,4983.5,16.0,13.0
45000,10000.0,4982.5,16.0,13.0
45100,10000.0,4983.0,16.0,14.0
45200,10000.0,4982.5,16.0,13.0
45300,10000.0,4983.0,16.0,14.0
45400,10000.0,4982.5,16.0,13.0
45500,10000.0,4982.5,16.0,13.0
45600,10000.0,4982.5,16.0,13.0
45700,10000.0,4979.5,16.0,5.0
45800,10000.0,4983.0,16.0,14.0
45900,10000.0,4983.0,16.0,14.0
46000,10000.0,4983.5,16.0,13.0
46100,10000.0,4983.0,16.0,14.0
46200,10000.0,4982.5,16.0,13.0
46300,10000.0,4983.0,16.0,14.0
46400,10000.0,4983.0,16.0,14.0
46500,10000.0,4983.5,16.0,13.0
46600,10000.0,4983.0,16.0,14.0
46700,10000.0,4982.5,16.0,13.0
46800,10000.0,4983.5,16.0,13.0
46900,10000.0,4984.0,16.0,14.0
47000,10000.0,4984.0,16.0,14.0
47100,10000.0,4983.5,16.0,13.0
47200,10000.0,4984.0,16.0,14.0
47300,10000.0,4983.5,16.0,13.0
47400,10000.0,4984.0,16.0,14.0
47500,10000.0,4983.5,16.0,13.0
47600,10000.0,4983.5,16.0,13.0
47700,10000.0,4984.0,16.0,14.0
47800,10000.0,4984.5,16.0,13.0
47900,10000.0,4984.5,16.0,13.0
48000,10000.0,4984.5,16.0,13.0
48100,10000.0,4984.5,16.0,13.0
48200,10000.0,4984.5,16.0,13.0
48300,10000.0,4985.5,16.0,13.0
48400,10000.0,4985.0,16.0,14.0
48500,10000.0,4986.0,16.0,14.0
48600,10000.0,4987.5,16.0,13.0
48700,10000.0,4988.0,16.0,14.0
48800,10000.0,4988.5,16.0,13.0
48900,10000.0,4989.0,16.0,14.0
49000,10000.0,4989.0,16.0,14.0
49100,10000.0,4989.5,16.0,13.0
49200,10000.0,4989.5,16.0,13.0
49300,10000.0,4989.5,16.0,13.0
49400,10000.0,4989.0,16.0,14.0
49500,10000.0,4988.0,16.0,14.0
49600,10000.0,4988.5,16.0,13.0
49700,10000.0,4989.0,16.0,14.0
49800,10000.0,4990.0,16.0,14.0
49900,10000.0,4989.5,16.0,13.0
50000,10000.0,4988.5,16.0,13.0
50100,10000.0,4988.5,16.0,13.0
50200,10000.0,4987.5,16.0,13.0
50300,10000.0,4987.0,16.0,14.0
50400,10000.0,4987.0,16.0,14.0
50500,10000.0,4986.5,16.0,13.0
50600,10000.0,4985.5,16.0,13.0
50700,10000.0,4986.0,16.0,14.0
50800,10000.0,4986.0,16.0,14.0
50900,10000.0,4986.5,16.0,13.0
51000,10000.0,4987.0,16.0,14.0
51100,10000.0,4990.5,16.0,7.0
51200,10000.0,4986.5,16.0,13.0
51300,10000.0,4987.0,16.0,14.0
51400,10000.0,4987.0,16.0,14.0
51500,10000.0,4983.5,16.0,5.0
51600,10000.0,4987.5,16.0,13.0
51700,10000.0,4987.5,16.0,13.0
51800,10000.0,4987.5,16.0,13.0
51900,10000.0,4987.0,16.0,14.0
52000,10000.0,4990.0,16.0,8.0
52100,10000.0,4987.0,16.0,14.0
52200,10000.0,4986.5,16.0,13.0
52300,10000.0,4986.5,16.0,13.0
52400,10000.0,4989.0,16.0,8.0
52500,10000.0,4986.0,16.0,14.0
52600,10000.0,4986.5,16.0,13.0
52700,10000.0,4986.5,16.0,13.0
52800,10000.0,4987.5,16.0,13.0
52900,10000.0,4988.5,16.0,13.0
53000,10000.0,4987.5,16.0,13.0
53100,10000.0,4988.5,16.0,13.0
53200,10000.0,4987.5,16.0,13.0
53300,10000.0,4987.5,16.0,13.0
53400,10000.0,4988.0,16.0,14.0
53500,10000.0,4989.0,16.0,14.0
53600,10000.0,4989.5,16.0,13.0
53700,10000.0,4990.0,16.0,14.0
53800,10000.0,4990.0,16.0,14.0
53900,9996.0,4990.0,8.0,14.0
54000,10000.0,4990.5,16.0,13.0
54100,10000.0,4990.5,16.0,13.0
54200,10000.0,4990.5,16.0,13.0
54300,10000.0,4990.5,16.0,13.0
54400,10000.0,4990.0,16.0,14.0
54500,10000.0,4990.0,16.0,14.0
54600,10000.0,4990.5,16.0,13.0
54700,10000.0,4986.5,16.0,5.0
54800,10000.0,4989.0,16.0,14.0
54900,10000.0,4989.5,16.0,13.0
55000,10000.0,4989.5,16.0,13.0
55100,10000.0,4990.0,16.0,14.0
55200,10000.0,4989.5,16.0,13.0
55300,10000.0,4990.0,16.0,14.0
55400,10000.0,4990.0,16.0,14.0
55500,10000.0,4989.5,16.0,13.0
55600,10000.0,4989.5,16.0,13.0
55700,10000.0,4989.0,16.0,14.0
55800,10000.0,4988.5,16.0,13.0
55900,10000.0,4988.5,16.0,13.0
56000,10000.0,4987.5,16.0,13.0
56100,10004.0,4987.5,8.0,13.0
56200,10000.0,4987.0,16.0,14.0
56300,10000.0,4987.0,16.0,14.0
56400,10000.0,4987.5,16.0,13.0
56500,10000.0,4987.0,16.0,14.0
56600,10000.0,4988.0,16.0,14.0
56700,10000.0,4987.5,16.0,13.0
56800,10000.0,4987.5,16.0,13.0
56900,10000.0,4987.5,16.0,13.0
57000,10000.0,4987.5,16.0,13.0
57100,10000.0,4988.0,16.0,14.0
57200,10000.0,4988.0,16.0,14.0
57300,10000.0,4988.0,16.0,14.0
57400,10000.0,4988.0,16.0,14.0
57500,10000.0,4988.0,16.0,14.0
57600,10000.0,4988.5,16.0,13.0
57700,10000.0,4988.5,16.0,13.0
57800,10000.0,4988.0,16.0,14.0
57900,10000.0,4988.0,16.0,14.0
58000,10000.0,4988.0,16.0,14.0
58100,10000.0,4988.0,16.0,14.0
58200,10000.0,4988.0,16.0,14.0
58300,10000.0,4988.5,16.0,13.0
58400,10000.0,4985.5,16.0,7.0
58500,10004.0,4988.5,8.0,13.0
58600,10000.0,4983.0,16.0,6.0
58700,10000.0,4987.5,16.0,13.0
58800,10000.0,4987.0,16.0,14.0
58900,10000.0,4986.5,16.0,13.0
59000,10000.0,4986.0,16.0,14.0
59100,10000.0,4985.5,16.0,13.0
59200,10000.0,4988.0,16.0,8.0
59300,10000.0,4981.5,16.0,5.0
59400,10000.0,4985.5,16.0,13.0
59500,10000.0,4986.5,16.0,13.0
59600,10000.0,4987.5,16.0,13.0
59700,10000.0,4986.5,16.0,13.0
59800,10004.0,4983.0,8.0,6.0
59900,10000.0,4988.0,16.0,14.0
60000,10000.0,4988.5,16.0,13.0
60100,10000.0,4988.0,16.0,14.0
60200,10000.0,4991.0,16.0,8.0
60300,10000.0,4989.0,16.0,14.0
60400,10000.0,4991.5,16.0,9.0
60500,10004.0,4988.5,8.0,13.0
60600,10004.0,4988.5,8.0,13.0
60700,10000.0,4988.0,16.0,14.0
60800,10000.0,4988.5,16.0,13.0
60900,10000.0,4988.5,16.0,13.0
61000,10000.0,4988.5,16.0,13.0
61100,10000.0,4988.5,16.0,13.0
61200,10000.0,4988.5,16.0,13.0
61300,10000.0,4988.5,16.0,13.0
61400,10000.0,4990.0,16.0,14.0
61500,10000.0,4990.0,16.0,14.0
61600,10004.0,4990.5,8.0,13.0
61700,10000.0,4990.0,16.0,14.0
61800,10000.0,4990.0,16.0,14.0
61900,10000.0,4989.5,16.0,13.0
62000,10000.0,4989.5,16.0,13.0
62100,10000.0,4990.0,16.0,14.0
62200,10000.0,4989.5,16.0,13.0
62300,10000.0,4990.5,16.0,13.0
62400,10000.0,4990.5,16.0,13.0
62500,10000.0,4990.5,16.0,13.0
62600,10000.0,4990.0,16.0,14.0
62700,10000.0,4990.0,16.0,14.0
62800,10000.0,4990.5,16.0,13.0
62900,10000.0,4990.0,16.0,14.0
63000,10000.0,4990.0,16.0,14.0
63100,10000.0,4990.5,16.0,13.0
63200,10000.0,4990.5,16.0,13.0
63300,10000.0,4990.5,16.0,13.0
63400,10000.0,4990.5,16.0,13.0
63500,10000.0,4990.0,16.0,14.0
63600,10000.0,4990.0,16.0,14.0
63700,10000.0,4990.5,16.0,13.0
63800,10000.0,4990.5,16.0,13.0
63900,10000.0,4990.5,16.0,13.0
64000,10000.0,4990.5,16.0,13.0
64100,10000.0,4990.5,16.0,13.0
64200,10000.0,4991.0,16.0,14.0
64300,10000.0,4990.0,16.0,14.0
64400,10000.0,4990.0,16.0,14.0
64500,10000.0,4990.0,16.0,14.0
64600,10000.0,4990.5,16.0,13.0
64700,10000.0,4991.0,16.0,14.0
64800,10000.0,4990.0,16.0,14.0
64900,10000.0,4990.5,16.0,13.0
65000,10000.0,4991.0,16.0,14.0
65100,10000.0,4990.5,16.0,13.0
65200,10000.0,4990.0,16.0,14.0
65300,10000.0,4989.5,16.0,13.0
65400,10000.0,4989.5,16.0,13.0
65500,10000.0,4990.0,16.0,14.0
65600,10000.0,4993.5,16.0,7.0
65700,10000.0,4990.0,16.0,14.0
65800,10000.0,4989.0,16.0,14.0
65900,10000.0,4989.5,16.0,13.0
66000,10004.0,4989.5,8.0,13.0
66100,10000.0,4989.5,16.0,13.0
66200,10000.0,4992.5,16.0,7.0
66300,10000.0,4989.5,16.0,13.0
66400,10000.0,4989.0,16.0,14.0
66500,10000.0,4988.5,16.0,13.0
66600,10004.0,4987.5,8.0,13.0
66700,10000.0,4987.5,16.0,13.0
66800,10000.0,4987.5,16.0,13.0
66900,10000.0,4987.5,16.0,13.0
67000,10000.0,4987.5,16.0,13.0
67100,10000.0,4986.5,16.0,13.0
67200,10000.0,4986.5,16.0,13.0
67300,10004.0,4986.5,8.0,13.0
67400,10000.0,4987.0,16.0,14.0
67500,10000.0,4986.0,16.0,14.0
67600,10000.0,4986.5,16.0,13.0
67700,10000.0,4987.0,16.0,14.0
67800,10000.0,4986.5,16.0,13.0
67900,10000.0,4986.0,16.0,14.0
68000,10000.0,4986.5,16.0,13.0
68100,10000.0,4986.5,16.0,13.0
68200,10000.0,4986.0,16.0,14.0
68300,10000.0,4986.0,16.0,14.0
68400,10000.0,4986.0,16.0,14.0
68500,10000.0,4986.5,16.0,13.0
68600,10000.0,4990.0,16.0,6.0
68700,10000.0,4987.0,16.0,14.0
68800,10000.0,4987.5,16.0,13.0
68900,10000.0,4987.5,16.0,13.0
69000,10000.0,4987.0,16.0,14.0
69100,10000.0,4987.0,16.0,14.0
69200,10000.0,4986.5,16.0,13.0
69300,10000.0,4986.0,16.0,14.0
69400,10000.0,4986.0,16.0,14.0
69500,9996.0,4986.0,8.0,14.0
69600,10000.0,4986.5,16.0,13.0
69700,10000.0,4987.0,16.0,14.0
69800,10000.0,4987.0,16.0,14.0
69900,10000.0,4987.5,16.0,13.0
70000,10000.0,4987.5,16.0,13.0
70100,10000.0,4988.0,16.0,14.0
70200,10000.0,4985.5,16.0,7.0
70300,10000.0,4991.0,16.0,6.0
70400,10000.0,4987.5,16.0,13.0
70500,10000.0,4987.0,16.0,14.0
70600,10000.0,4986.5,16.0,13.0
70700,10000.0,4986.5,16.0,13.0
70800,10000.0,4986.5,16.0,13.0
70900,10000.0,4985.5,16.0,13.0
71000,10000.0,4985.5,16.0,13.0
71100,10000.0,4985.5,16.0,13.0
71200,10000.0,4986.0,16.0,14.0
71300,10000.0,4986.0,16.0,14.0
71400,10000.0,4986.5,16.0,13.0
71500,10000.0,4987.0,16.0,14.0
71600,10000.0,4987.5,16.0,13.0
71700,10000.0,4987.5,16.0,13.0
71800,10000.0,4987.5,16.0,13.0
71900,10000.0,4987.5,16.0,13.0
72000,10000.0,4988.0,16.0,14.0
72100,10000.0,4987.5,16.0,13.0
72200,10000.0,4987.5,16.0,13.0
72300,10000.0,4987.5,16.0,13.0
72400,10000.0,4988.0,16.0,14.0
72500,10000.0,4988.0,16.0,14.0
72600,10000.0,4989.0,16.0,14.0
72700,10000.0,4989.0,16.0,14.0
72800,10000.0,4989.0,16.0,14.0
72900,10000.0,4989.0,16.0,14.0
73000,10000.0,4988.5,16.0,13.0
73100,10000.0,4988.5,16.0,13.0
73200,10000.0,4989.0,16.0,14.0
73300,10000.0,4992.0,16.0,6.0
73400,10000.0,4988.5,16.0,13.0
73500,10000.0,4992.0,16.0,6.0
73600,10000.0,4988.5,16.0,13.0
73700,10000.0,4989.0,16.0,14.0
73800,10000.0,4989.0,16.0,14.0
73900,10000.0,4988.5,16.0,13.0
74000,10000.0,4988.0,16.0,14.0
74100,10000.0,4989.5,16.0,13.0
74200,10000.0,4989.5,16.0,13.0
74300,10000.0,4989.5,16.0,13.0
74400,10000.0,4990.5,16.0,13.0
74500,10000.0,4990.5,16.0,13.0
74600,10000.0,4990.5,16.0,13.0
74700,10000.0,4990.0,16.0,14.0
74800,10000.0,4990.5,16.0,13.0
74900,10000.0,4990.0,16.0,14.0
75000,10000.0,4990.0,16.0,14.0
75100,10000.0,4992.0,16.0,8.0
75200,10000.0,4989.0,16.0,14.0
75300,10000.0,4989.5,16.0,13.0
75400,10000.0,4989.5,16.0,13.0
75500,10000.0,4989.5,16.0,13.0
75600,10000.0,4984.5,16.0,5.0
75700,10000.0,4989.0,16.0,14.0
75800,10000.0,4988.5,16.0,13.0
75900,10000.0,4989.0,16.0,14.0
76000,10000.0,4991.5,16.0,9.0
76100,10000.0,4989.0,16.0,14.0
76200,10000.0,4988.5,16.0,13.0
76300,10000.0,4989.0,16.0,14.0
76400,10000.0,4989.0,16.0,14.0
76500,10000.0,4989.0,16.0,14.0
76600,10000.0,4989.5,16.0,13.0
76700,10004.0,4989.5,8.0,13.0
76800,10000.0,4990.0,16.0,14.0
76900,10000.0,4989.5,16.0,13.0
77000,10000.0,4990.0,16.0,14.0
77100,10000.0,4990.0,16.0,14.0
77200,10000.0,4989.5,16.0,13.0
77300,10000.0,4990.5,16.0,13.0
77400,10000.0,4989.5,16.0,13.0
77500,10000.0,4989.0,16.0,14.0
77600,10000.0,4988.5,16.0,13.0
77700,10000.0,4989.0,16.0,14.0
77800,10000.0,4990.5,16.0,13.0
77900,10000.0,4991.0,16.0,14.0
78000,10000.0,4987.5,16.0,5.0
78100,10000.0,4990.5,16.0,13.0
78200,10000.0,4990.0,16.0,14.0
78300,10000.0,4990.5,16.0,13.0
78400,10000.0,4990.5,16.0,13.0
78500,10000.0,4990.5,16.0,13.0
78600,10000.0,4990.5,16.0,13.0
78700,10000.0,4990.5,16.0,13.0
78800,10000.0,4990.5,16.0,13.0
78900,10000.0,4990.5,16.0,13.0
79000,10000.0,4991.0,16.0,14.0
79100,10000.0,4990.5,16.0,13.0
79200,10000.0,4991.5,16.0,13.0
79300,10000.0,4991.5,16.0,13.0
79400,10000.0,4992.0,16.0,14.0
79500,10000.0,4992.0,16.0,14.0
79600,10000.0,4992.0,16.0,14.0
79700,10000.0,4991.5,16.0,13.0
79800,10000.0,4991.5,16.0,13.0
79900,10000.0,4992.0,16.0,14.0
80000,10000.0,4991.5,16.0,13.0
80100,10000.0,4991.5,16.0,13.0
80200,10000.0,4991.0,16.0,14.0
80300,10000.0,4992.0,16.0,14.0
80400,10000.0,4991.5,16.0,13.0
80500,10000.0,4992.0,16.0,14.0
80600,10000.0,4991.5,16.0,13.0
80700,10000.0,4992.0,16.0,14.0
80800,10000.0,4991.5,16.0,13.0
80900,10000.0,4991.0,16.0,14.0
81000,10000.0,4991.0,16.0,14.0
81100,10000.0,4991.0,16.0,14.0
81200,10000.0,4991.5,16.0,13.0
81300,10000.0,4991.0,16.0,14.0
81400,10000.0,4990.5,16.0,13.0
81500,10000.0,4990.0,16.0,14.0
81600,10000.0,4990.5,16.0,13.0
81700,10000.0,4989.5,16.0,13.0
81800,10000.0,4989.5,16.0,13.0
81900,10000.0,4989.5,16.0,13.0
82000,10000.0,4989.0,16.0,14.0
82100,10000.0,4988.0,16.0,14.0
82200,10000.0,4988.5,16.0,13.0
82300,10000.0,4989.0,16.0,14.0
82400,10000.0,4989.0,16.0,14.0
82500,10000.0,4989.0,16.0,14.0
82600,10000.0,4988.5,16.0,13.0
82700,10000.0,4988.0,16.0,14.0
82800,10000.0,4992.0,16.0,6.0
82900,10000.0,4987.5,16.0,13.0
83000,10000.0,4987.0,16.0,14.0
83100,10000.0,4986.5,16.0,13.0
83200,10000.0,4986.0,16.0,14.0
83300,10000.0,4986.0,16.0,14.0
83400,10000.0,4985.5,16.0,13.0
83500,10000.0,4986.0,16.0,14.0
83600,10000.0,4987.0,16.0,14.0
83700,10000.0,4986.5,16.0,13.0
83800,10000.0,4985.5,16.0,13.0
83900,10000.0,4985.5,16.0,13.0
84000,10000.0,4986.0,16.0,14.0
84100,10000.0,4986.0,16.0,14.0
84200,10000.0,4986.0,16.0,14.0
84300,10000.0,4985.5,16.0,13.0
84400,10000.0,4986.0,16.0,14.0
84500,10000.0,4986.0,16.0,14.0
84600,10000.0,4986.0,16.0,14.0
84700,10000.0,4986.0,16.0,14.0
84800,9996.0,4985.5,8.0,13.0
84900,10000.0,4985.5,16.0,13.0
85000,10000.0,4984.5,16.0,13.0
85100,10000.0,4984.0,16.0,14.0
85200,10000.0,4983.5,16.0,13.0
85300,10000.0,4984.0,16.0,14.0
85400,10000.0,4983.5,16.0,13.0
85500,10000.0,4983.5,16.0,13.0
85600,10000.0,4984.5,16.0,13.0
85700,10000.0,4984.0,16.0,14.0
85800,10000.0,4984.5,16.0,13.0
85900,10000.0,4983.5,16.0,13.0
86000,10000.0,4984.0,16.0,14.0
86100,10000.0,4984.0,16.0,14.0
86200,10000.0,4984.0,16.0,14.0
86300,10000.0,4984.0,16.0,14.0
86400,10000.0,4984.0,16.0,14.0
86500,10000.0,4983.0,16.0,14.0
86600,10000.0,4983.5,16.0,13.0
86700,10000.0,4983.5,16.0,13.0
86800,10000.0,4983.5,16.0,13.0
86900,10000.0,4980.5,16.0,7.0
87000,10000.0,4981.0,16.0,8.0
87100,10000.0,4980.0,16.0,8.0
87200,10000.0,4983.5,16.0,13.0
87300,10000.0,4984.5,16.0,13.0
87400,10000.0,4984.0,16.0,14.0
87500,10000.0,4984.5,16.0,13.0
87600,10000.0,4983.5,16.0,13.0
87700,10000.0,4984.0,16.0,14.0
87800,10000.0,4983.5,16.0,13.0
87900,10000.0,4983.0,16.0,14.0
88000,10000.0,4983.0,16.0,14.0
88100,10000.0,4982.5,16.0,13.0
88200,10000.0,4983.0,16.0,14.0
88300,10000.0,4982.5,16.0,13.0
88400,10000.0,4982.5,16.0,13.0
88500,10000.0,4983.0,16.0,14.0
88600,10000.0,4982.5,16.0,13.0
88700,10000.0,4983.0,16.0,14.0
88800,10000.0,4982.5,16.0,13.0
88900,10000.0,4982.5,16.0,13.0
89000,10000.0,4982.5,16.0,13.0
89100,10000.0,4982.5,16.0,13.0
89200,10000.0,4981.5,16.0,13.0
89300,10000.0,4981.5,16.0,13.0
89400,10000.0,4977.5,16.0,5.0
89500,10000.0,4981.0,16.0,14.0
89600,10000.0,4981.5,16.0,13.0
89700,10000.0,4981.0,16.0,14.0
89800,10000.0,4983.0,16.0,8.0
89900,10000.0,4980.0,16.0,14.0
90000,10000.0,4980.0,16.0,14.0
90100,10000.0,4979.5,16.0,13.0
90200,10000.0,4980.5,16.0,13.0
90300,10000.0,4980.5,16.0,13.0
90400,10000.0,4980.5,16.0,13.0
90500,10000.0,4980.0,16.0,14.0
90600,10000.0,4980.0,16.0,14.0
90700,10000.0,4980.0,16.0,14.0
90800,10000.0,4980.0,16.0,14.0
90900,10000.0,4980.0,16.0,14.0
91000,10000.0,4980.5,16.0,13.0
91100,10000.0,4981.5,16.0,13.0
91200,10000.0,4978.5,16.0,7.0
91300,10000.0,4980.5,16.0,13.0
91400,10000.0,4979.0,16.0,14.0
91500,10000.0,4979.0,16.0,14.0
91600,10000.0,4978.5,16.0,13.0
91700,10000.0,4979.5,16.0,13.0
91800,10000.0,4979.5,16.0,13.0
91900,10000.0,4980.5,16.0,13.0
92000,10000.0,4979.5,16.0,13.0
92100,10000.0,4980.0,16.0,14.0
92200,10000.0,4980.0,16.0,14.0
92300,10000.0,4978.5,16.0,13.0
92400,10000.0,4979.0,16.0,14.0
92500,10000.0,4979.5,16.0,13.0
92600,10000.0,4979.0,16.0,14.0
92700,10000.0,4979.5,16.0,13.0
92800,10000.0,4979.5,16.0,13.0
92900,10000.0,4979.5,16.0,13.0
93000,10000.0,4979.5,16.0,13.0
93100,10000.0,4979.0,16.0,14.0
93200,10000.0,4979.5,16.0,13.0
93300,10000.0,4978.5,16.0,13.0
93400,10000.0,4979.0,16.0,14.0
93500,10000.0,4978.5,16.0,13.0
93600,10000.0,4974.5,16.0,7.0
93700,10000.0,4977.5,16.0,13.0
93800,10000.0,4977.5,16.0,13.0
93900,10004.0,4977.5,8.0,13.0
94000,10000.0,4977.0,16.0,14.0
94100,10000.0,4977.5,16.0,13.0
94200,10000.0,4978.5,16.0,13.0
94300,10000.0,4978.5,16.0,13.0
94400,10000.0,4978.5,16.0,13.0
94500,10000.0,4978.5,16.0,13.0
94600,10000.0,4979.5,16.0,13.0
94700,10000.0,4980.0,16.0,14.0
94800,10000.0,4981.0,16.0,14.0
94900,10000.0,4980.5,16.0,13.0
95000,10000.0,4981.5,16.0,13.0
95100,10000.0,4982.0,16.0,14.0
95200,10000.0,4981.5,16.0,13.0
95300,10000.0,4982.0,16.0,14.0
95400,10000.0,4982.5,16.0,13.0
95500,10000.0,4982.5,16.0,13.0
95600,10000.0,4986.0,16.0,6.0
95700,10000.0,4983.5,16.0,13.0
95800,10000.0,4983.5,16.0,13.0
95900,10000.0,4984.0,16.0,14.0
96000,10000.0,4983.0,16.0,14.0
96100,10000.0,4983.0,16.0,14.0
96200,10004.0,4983.0,8.0,14.0
96300,10000.0,4983.5,16.0,13.0
96400,10000.0,4983.5,16.0,13.0
96500,10000.0,4983.5,16.0,13.0
96600,10000.0,4983.5,16.0,13.0
96700,10000.0,4983.5,16.0,13.0
96800,10000.0,4984.0,16.0,14.0
96900,10000.0,4984.5,16.0,13.0
97000,10000.0,4984.5,16.0,13.0
97100,10000.0,4984.5,16.0,13.0
97200,10000.0,4984.5,16.0,13.0
97300,10000.0,4984.5,16.0,13.0
97400,10000.0,4984.5,16.0,13.0
97500,10000.0,4984.5,16.0,13.0
97600,10000.0,4984.5,16.0,13.0
97700,10000.0,4984.5,16.0,13.0
97800,10000.0,4984.5,16.0,13.0
97900,10000.0,4984.0,16.0,14.0
98000,10000.0,4983.5,16.0,13.0
98100,10000.0,4984.5,16.0,13.0
98200,10000.0,4983.5,16.0,13.0
98300,10000.0,4984.0,16.0,14.0
98400,10000.0,4984.0,16.0,14.0
98500,10000.0,4984.5,16.0,13.0
98600,10000.0,4985.0,16.0,14.0
98700,10000.0,4985.5,16.0,13.0
98800,10000.0,4986.5,16.0,13.0
98900,10000.0,4986.0,16.0,14.0
99000,10000.0,4986.0,16.0,14.0
99100,10000.0,4986.5,16.0,13.0
99200,10000.0,4986.5,16.0,13.0
99300,10000.0,4987.0,16.0,14.0
99400,10000.0,4987.0,16.0,14.0
99500,10000.0,4987.0,16.0,14.0
99600,10000.0,4986.5,16.0,13.0
99700,10000.0,4986.5,16.0,13.0
99800,10000.0,4986.0,16.0,14.0
99900,10000.0,4985.5,16.0,13.0
100000,10000.0,4985.0,16.0,14.0
100100,10000.0,4984.5,16.0,13.0
100200,10000.0,4984.0,16.0,14.0
100300,10000.0,4984.0,16.0,14.0
100400,10000.0,4985.5,16.0,13.0
100500,10000.0,4985.5,16.0,13.0
100600,10000.0,4985.0,16.0,14.0
100700,10000.0,4984.5,16.0,13.0
100800,10000.0,4985.0,16.0,14.0
100900,10000.0,4985.0,16.0,14.0
101000,10000.0,4986.0,16.0,14.0
101100,10000.0,4986.5,16.0,13.0
101200,10000.0,4986.5,16.0,13.0
101300,10000.0,4987.0,16.0,14.0
101400,10000.0,4982.5,16.0,5.0
101500,10000.0,4987.0,16.0,14.0
101600,10000.0,4988.0,16.0,14.0
101700,10000.0,4988.0,16.0,14.0
101800,10000.0,4988.0,16.0,14.0
101900,10000.0,4988.0,16.0,14.0
102000,10000.0,4987.5,16.0,13.0
102100,10000.0,4984.5,16.0,7.0
102200,10000.0,4988.0,16.0,14.0
102300,10000.0,4987.0,16.0,14.0
102400,10000.0,4987.0,16.0,14.0
102500,10000.0,4987.0,16.0,14.0
102600,10000.0,4987.5,16.0,13.0
102700,10000.0,4986.5,16.0,13.0
102800,10000.0,4987.5,16.0,13.0
102900,10000.0,4988.0,16.0,14.0
103000,10000.0,4988.5,16.0,13.0
103100,10000.0,4985.5,16.0,7.0
103200,10000.0,4989.5,16.0,13.0
103300,9996.0,4989.5,8.0,13.0
103400,10000.0,4989.0,16.0,14.0
103500,10000.0,4989.0,16.0,14.0
103600,10000.0,4989.0,16.0,14.0
103700,10000.0,4989.0,16.0,14.0
103800,10000.0,4988.0,16.0,14.0
103900,10000.0,4988.5,16.0,13.0
104000,10000.0,4988.0,16.0,14.0
104100,10000.0,4988.5,16.0,13.0
104200,10000.0,4988.5,16.0,13.0
104300,10004.0,4988.5,8.0,13.0
104400,10000.0,4985.5,16.0,7.0
104500,10000.0,4988.5,16.0,13.0
104600,10000.0,4988.5,16.0,13.0
104700,10000.0,4988.0,16.0,14.0
104800,10000.0,4988.5,16.0,13.0
104900,10000.0,4989.5,16.0,13.0
105000,10000.0,4989.0,16.0,14.0
105100,10000.0,4988.5,16.0,13.0
105200,10000.0,4988.5,16.0,13.0
105300,10000.0,4988.0,16.0,14.0
105400,10000.0,4987.5,16.0,13.0
105500,10000.0,4988.0,16.0,14.0
105600,10000.0,4987.5,16.0,13.0
105700,10000.0,4989.5,16.0,9.0
105800,9996.0,4987.0,8.0,14.0
105900,10000.0,4986.5,16.0,13.0
106000,10000.0,4986.0,16.0,14.0
106100,10000.0,4986.5,16.0,13.0
106200,10000.0,4987.0,16.0,14.0
106300,10000.0,4986.5,16.0,13.0
106400,10000.0,4986.0,16.0,14.0
106500,10000.0,4985.5,16.0,13.0
106600,10000.0,4986.0,16.0,14.0
106700,10000.0,4986.5,16.0,13.0
106800,10000.0,4986.5,16.0,13.0
106900,10000.0,4985.5,16.0,13.0
107000,10000.0,4985.5,16.0,13.0
107100,10000.0,4986.5,16.0,13.0
107200,10000.0,4986.5,16.0,13.0
107300,10000.0,4985.5,16.0,13.0
107400,10000.0,4985.5,16.0,13.0
107500,10000.0,4986.0,16.0,14.0
107600,10000.0,4985.5,16.0,13.0
107700,10000.0,4985.5,16.0,13.0
107800,10000.0,4985.5,16.0,13.0
107900,10000.0,4985.5,16.0,13.0
108000,10000.0,4986.0,16.0,14.0
108100,10000.0,4986.5,16.0,13.0
108200,10000.0,4986.5,16.0,13.0
108300,10000.0,4982.5,16.0,5.0
108400,10000.0,4987.0,16.0,14.0
108500,10000.0,4988.0,16.0,14.0
108600,10000.0,4991.0,16.0,8.0
108700,10000.0,4988.5,16.0,13.0
108800,10000.0,4987.5,16.0,13.0
108900,10000.0,4987.5,16.0,13.0
109000,10000.0,4988.5,16.0,13.0
109100,10000.0,4988.0,16.0,14.0
109200,10000.0,4988.0,16.0,14.0
109300,10000.0,4988.5,16.0,13.0
109400,10000.0,4989.5,16.0,13.0
109500,10000.0,4990.0,16.0,14.0
109600,10000.0,4990.0,16.0,14.0
109700,10000.0,4990.0,16.0,14.0
109800,10000.0,4991.0,16.0,14.0
109900,10000.0,4992.0,16.0,14.0
110000,10000.0,4993.0,16.0,14.0
110100,10000.0,4992.5,16.0,13.0
110200,10000.0,4992.5,16.0,13.0
110300,10000.0,4992.5,16.0,13.0
110400,10000.0,4993.0,16.0,14.0
110500,10000.0,4993.5,16.0,13.0
110600,10000.0,4993.5,16.0,13.0
110700,10000.0,4993.0,16.0,14.0
110800,10000.0,4993.0,16.0,14.0
110900,10000.0,4993.0,16.0,14.0
111000,10004.0,4992.5,8.0,13.0
111100,10000.0,4992.0,16.0,14.0
111200,10000.0,4993.5,16.0,13.0
111300,10000.0,4993.5,16.0,13.0
111400,10000.0,4992.5,16.0,13.0
111500,10000.0,4993.0,16.0,14.0
111600,10000.0,4993.0,16.0,14.0
111700,10000.0,4993.5,16.0,13.0
111800,10000.0,4992.5,16.0,13.0
111900,10000.0,4993.0,16.0,14.0
112000,10000.0,4992.5,16.0,13.0
112100,10000.0,4992.5,16.0,13.0
112200,10000.0,4993.0,16.0,14.0
112300,10000.0,4993.5,16.0,13.0
112400,10000.0,4992.0,16.0,14.0
112500,10000.0,4992.5,16.0,13.0
112600,10000.0,4992.5,16.0,13.0
112700,10000.0,4992.5,16.0,13.0
112800,10000.0,4992.5,16.0,13.0
112900,10000.0,4993.5,16.0,13.0
113000,10000.0,4992.5,16.0,13.0
113100,10000.0,4992.5,16.0,13.0
113200,10000.0,4993.5,16.0,13.0
113300,10000.0,4994.0,16.0,14.0
113400,10000.0,4994.0,16.0,14.0
113500,10000.0,4994.0,16.0,14.0
113600,10000.0,4994.0,16.0,14.0
113700,10000.0,4993.5,16.0,13.0
113800,9996.0,4993.0,8.0,14.0
113900,10000.0,4994.0,16.0,14.0
114000,10000.0,4994.5,16.0,13.0
114100,10000.0,4995.0,16.0,14.0
114200,10000.0,4993.5,16.0,13.0
114300,10000.0,4993.0,16.0,14.0
114400,10000.0,4992.5,16.0,13.0
114500,10000.0,4992.5,16.0,13.0
114600,10000.0,4992.0,16.0,14.0
114700,10000.0,4992.5,16.0,13.0
114800,10000.0,4993.0,16.0,14.0
114900,10000.0,4992.5,16.0,13.0
115000,10000.0,4992.5,16.0,13.0
115100,10000.0,4993.0,16.0,14.0
115200,10000.0,4994.0,16.0,14.0
115300,10000.0,4993.5,16.0,13.0
115400,10000.0,4993.5,16.0,13.0
115500,10000.0,4993.5,16.0,13.0
115600,10000.0,4994.0,16.0,14.0
115700,10000.0,4994.0,16.0,14.0
115800,10000.0,4993.5,16.0,13.0
115900,10000.0,4993.5,16.0,13.0
116000,10000.0,4993.5,16.0,13.0
116100,10000.0,4994.0,16.0,14.0
116200,10000.0,4998.5,16.0,7.0
116300,10000.0,4994.5,16.0,13.0
116400,10000.0,4994.5,16.0,13.0
116500,10000.0,4994.5,16.0,13.0
116600,10000.0,4995.5,16.0,13.0
116700,10000.0,4991.5,16.0,5.0
116800,10000.0,4995.5,16.0,13.0
116900,10000.0,4995.5,16.0,13.0
117000,10000.0,4996.0,16.0,14.0
117100,10000.0,4996.5,16.0,13.0
117200,10000.0,4997.0,16.0,14.0
117300,10000.0,4998.0,16.0,14.0
117400,10000.0,4998.5,16.0,13.0
117500,10000.0,4998.0,16.0,14.0
117600,10000.0,4997.0,16.0,14.0
117700,10000.0,4998.0,16.0,14.0
117800,10000.0,4998.0,16.0,14.0
117900,10000.0,4998.0,16.0,14.0
118000,9996.0,4997.5,8.0,13.0
118100,10000.0,4998.0,16.0,14.0
118200,10000.0,4997.5,16.0,13.0
118300,10000.0,4997.0,16.0,14.0
118400,10000.0,4996.5,16.0,13.0
118500,10000.0,4995.5,16.0,13.0
118600,10000.0,4995.5,16.0,13.0
118700,10000.0,4996.0,16.0,14.0
118800,10000.0,4996.5,16.0,13.0
118900,10000.0,4993.5,16.0,5.0
119000,10000.0,4997.5,16.0,13.0
119100,10000.0,4997.5,16.0,13.0
119200,10000.0,4997.0,16.0,14.0
119300,10000.0,4996.5,16.0,13.0
119400,10000.0,4996.5,16.0,13.0
119500,10000.0,4996.0,16.0,14.0
119600,10000.0,4996.5,16.0,13.0
119700,10000.0,4996.5,16.0,13.0
119800,10000.0,4997.0,16.0,14.0
119900,10000.0,4997.5,16.0,13.0
120000,10000.0,4997.5,16.0,13.0
120100,10000.0,4997.5,16.0,13.0
120200,10000.0,4997.5,16.0,13.0
120300,10000.0,4998.0,16.0,14.0
120400,10000.0,4997.5,16.0,13.0
120500,10000.0,4997.0,16.0,14.0
120600,10000.0,4996.5,16.0,13.0
120700,10000.0,4996.5,16.0,13.0
120800,10000.0,4996.5,16.0,13.0
120900,10000.0,4996.5,16.0,13.0
121000,10000.0,4996.5,16.0,13.0
121100,10000.0,4997.0,16.0,14.0
121200,10000.0,4997.0,16.0,14.0
121300,10000.0,4997.5,16.0,13.0
121400,10000.0,4997.5,16.0,13.0
121500,10000.0,4997.0,16.0,14.0
121600,9996.0,4997.0,8.0,14.0
121700,10000.0,4997.0,16.0,14.0
121800,10000.0,4997.0,16.0,14.0
121900,10000.0,4996.5,16.0,13.0
122000,10000.0,4997.0,16.0,14.0
122100,10000.0,4997.0,16.0,14.0
122200,10000.0,4997.0,16.0,14.0
122300,10000.0,4996.5,16.0,13.0
122400,10000.0,4996.5,16.0,13.0
122500,10000.0,4996.0,16.0,14.0
122600,10000.0,4995.5,16.0,13.0
122700,10000.0,4995.5,16.0,13.0
122800,10000.0,4995.5,16.0,13.0
122900,10000.0,4995.5,16.0,13.0
123000,10000.0,4996.0,16.0,14.0
123100,10000.0,4998.5,16.0,9.0
123200,10000.0,4995.5,16.0,13.0
123300,10000.0,4994.5,16.0,13.0
123400,10000.0,4994.5,16.0,13.0
123500,10000.0,4994.0,16.0,14.0
123600,10000.0,4994.0,16.0,14.0
123700,10000.0,4993.5,16.0,13.0
123800,10000.0,4993.5,16.0,13.0
123900,10000.0,4994.0,16.0,14.0
124000,10000.0,4993.5,16.0,13.0
124100,10000.0,4994.5,16.0,13.0
124200,10000.0,4993.0,16.0,14.0
124300,10000.0,4996.5,16.0,7.0
124400,10000.0,4993.0,16.0,14.0
124500,10000.0,4993.5,16.0,13.0
124600,10000.0,4994.0,16.0,14.0
124700,10000.0,4995.0,16.0,14.0
124800,10000.0,4991.5,16.0,5.0
124900,10000.0,4995.0,16.0,14.0
125000,10000.0,4994.5,16.0,13.0
125100,10000.0,4994.0,16.0,14.0
125200,10000.0,4997.5,16.0,7.0
125300,10000.0,4993.0,16.0,14.0
125400,10000.0,4993.0,16.0,14.0
125500,10000.0,4993.0,16.0,14.0
125600,10000.0,4993.0,16.0,14.0
125700,10000.0,4993.5,16.0,13.0
125800,9996.0,4993.0,8.0,14.0
125900,10000.0,4995.0,16.0,8.0
126000,10000.0,4992.5,16.0,13.0
126100,10000.0,4993.0,16.0,14.0
126200,10000.0,4993.0,16.0,14.0
126300,10000.0,4993.0,16.0,14.0
126400,10000.0,4994.0,16.0,14.0
126500,10000.0,4994.5,16.0,13.0
126600,10000.0,4994.0,16.0,14.0
126700,10000.0,4994.0,16.0,14.0
126800,10000.0,4994.0,16.0,14.0
126900,10000.0,4994.5,16.0,13.0
127000,10000.0,4994.0,16.0,14.0
127100,10000.0,4993.5,16.0,13.0
127200,10000.0,4993.0,16.0,14.0
127300,10000.0,4993.0,16.0,14.0
127400,10000.0,4992.5,16.0,13.0
127500,10000.0,4993.5,16.0,13.0
127600,10000.0,4992.5,16.0,13.0
127700,10000.0,4993.0,16.0,14.0
127800,10000.0,4990.0,16.0,8.0
127900,10000.0,4993.0,16.0,14.0
128000,10000.0,4997.0,16.0,6.0
128100,10000.0,4990.5,16.0,7.0
128200,10000.0,4993.5,16.0,13.0
128300,10000.0,4993.5,16.0,13.0
128400,10000.0,4994.0,16.0,14.0
128500,10000.0,4994.0,16.0,14.0
128600,10000.0,4994.0,16.0,14.0
128700,10000.0,4994.5,16.0,13.0
128800,10000.0,4994.5,16.0,13.0
128900,10000.0,4994.0,16.0,14.0
129000,10000.0,4994.0,16.0,14.0
129100,10000.0,4995.0,16.0,14.0
129200,10000.0,4994.5,16.0,13.0
129300,10000.0,4994.0,16.0,14.0
129400,10000.0,4993.0,16.0,14.0
129500,10000.0,4993.0,16.0,14.0
129600,10000.0,4993.5,16.0,13.0
129700,10000.0,4990.5,16.0,7.0
129800,10000.0,4994.5,16.0,13.0
129900,10000.0,4994.0,16.0,14.0
130000,10000.0,4994.0,16.0,14.0
130100,10000.0,4993.0,16.0,14.0
130200,10000.0,4993.0,16.0,14.0
130300,10000.0,4992.5,16.0,13.0
130400,9996.0,4994.0,8.0,8.0
130500,10000.0,4992.0,16.0,14.0
130600,10000.0,4991.5,16.0,13.0
130700,10000.0,4991.5,16.0,13.0
130800,10000.0,4991.5,16.0,13.0
130900,10000.0,4991.5,16.0,13.0
131000,10000.0,4991.5,16.0,13.0
131100,10000.0,4991.5,16.0,13.0
131200,10000.0,4991.0,16.0,14.0
131300,10000.0,4991.5,16.0,13.0
131400,10000.0,4991.5,16.0,13.0
131500,10000.0,4992.5,16.0,13.0
131600,10000.0,4996.0,16.0,8.0
131700,10000.0,4992.5,16.0,13.0
131800,10000.0,4993.0,16.0,14.0
131900,10000.0,4992.5,16.0,13.0
132000,10000.0,4992.5,16.0,13.0
132100,10000.0,4993.0,16.0,14.0
132200,10000.0,4993.5,16.0,13.0
132300,10000.0,4993.5,16.0,13.0
132400,10000.0,4994.5,16.0,13.0
132500,10000.0,4994.0,16.0,14.0
132600,10000.0,4993.5,16.0,13.0
132700,10000.0,4994.0,16.0,14.0
132800,10000.0,4994.5,16.0,13.0
132900,10000.0,4994.0,16.0,14.0
133000,10000.0,4994.5,16.0,13.0
133100,10000.0,4995.0,16.0,14.0
133200,10000.0,4994.0,16.0,14.0
133300,10000.0,4994.0,16.0,14.0
133400,10000.0,4997.0,16.0,8.0
133500,10000.0,4994.0,16.0,14.0
133600,10000.0,4995.0,16.0,14.0
133700,10000.0,4994.0,16.0,14.0
133800,10000.0,4994.5,16.0,13.0
133900,10000.0,4994.0,16.0,14.0
134000,10000.0,4993.5,16.0,13.0
134100,10000.0,4994.0,16.0,14.0
134200,9996.0,4993.5,8.0,13.0
134300,10000.0,4993.0,16.0,14.0
134400,10000.0,4996.5,16.0,7.0
134500,10000.0,4992.5,16.0,13.0
134600,10000.0,4993.0,16.0,14.0
134700,9996.0,4993.0,8.0,14.0
134800,10000.0,4992.5,16.0,13.0
134900,10000.0,4992.0,16.0,14.0
135000,10000.0,4992.5,16.0,13.0
135100,10000.0,4992.0,16.0,14.0
135200,10000.0,4992.5,16.0,13.0
135300,10000.0,4992.5,16.0,13.0
135400,10000.0,4992.5,16.0,13.0
135500,10000.0,4992.5,16.0,13.0
135600,9996.0,4992.5,8.0,13.0
135700,10000.0,4992.0,16.0,14.0
135800,10000.0,4988.5,16.0,5.0
135900,10000.0,4992.5,16.0,13.0
136000,10000.0,4993.0,16.0,14.0
136100,10000.0,4993.5,16.0,13.0
136200,10000.0,4994.0,16.0,14.0
136300,10000.0,4994.0,16.0,14.0
136400,10000.0,4994.0,16.0,14.0
136500,10000.0,4993.0,16.0,14.0
136600,10000.0,4993.5,16.0,13.0
136700,10000.0,4992.0,16.0,14.0
136800,10000.0,4992.5,16.0,13.0
136900,10000.0,4992.5,16.0,13.0
137000,10000.0,4992.5,16.0,13.0
137100,10000.0,4992.5,16.0,13.0
137200,10000.0,4993.5,16.0,13.0
137300,10000.0,4993.5,16.0,13.0
137400,10000.0,4994.0,16.0,14.0
137500,10000.0,4994.0,16.0,14.0
137600,10000.0,4994.0,16.0,14.0
137700,10000.0,4994.0,16.0,14.0
137800,10000.0,4994.5,16.0,13.0
137900,10000.0,4995.0,16.0,14.0
138000,10000.0,4995.0,16.0,14.0
138100,10000.0,4994.0,16.0,14.0
138200,10000.0,4993.5,16.0,13.0
138300,10000.0,4994.0,16.0,14.0
138400,10000.0,4995.0,16.0,14.0
138500,10000.0,4994.5,16.0,13.0
138600,10000.0,4994.0,16.0,14.0
138700,10000.0,4994.0,16.0,14.0
138800,10000.0,4994.0,16.0,14.0
138900,10000.0,4993.5,16.0,13.0
139000,10000.0,4994.0,16.0,14.0
139100,10000.0,4996.0,16.0,8.0
139200,10000.0,4993.5,16.0,13.0
139300,10000.0,4993.5,16.0,13.0
139400,10000.0,4993.5,16.0,13.0
139500,10000.0,4993.5,16.0,13.0
139600,10000.0,4994.0,16.0,14.0
139700,10000.0,4994.5,16.0,13.0
139800,10000.0,4994.5,16.0,13.0
139900,10000.0,4994.0,16.0,14.0
140000,10000.0,4993.5,16.0,13.0
140100,10000.0,4993.5,16.0,13.0
140200,10000.0,4992.5,16.0,13.0
140300,10000.0,4992.0,16.0,14.0
140400,10000.0,4992.0,16.0,14.0
140500,10000.0,4992.5,16.0,13.0
140600,10000.0,4993.0,16.0,14.0
140700,10000.0,4993.5,16.0,13.0
140800,10000.0,4993.5,16.0,13.0
140900,10000.0,4995.0,16.0,14.0
141000,10000.0,4995.5,16.0,13.0
141100,10000.0,4995.0,16.0,14.0
141200,10000.0,4995.5,16.0,13.0
141300,10000.0,4998.5,16.0,9.0
141400,10000.0,4996.0,16.0,14.0
141500,10000.0,4995.5,16.0,13.0
141600,10000.0,4995.5,16.0,13.0
141700,10000.0,4996.0,16.0,14.0
141800,10000.0,4996.0,16.0,14.0
141900,10000.0,4995.5,16.0,13.0
142000,10000.0,4994.5,16.0,13.0
142100,10000.0,4993.5,16.0,13.0
142200,10004.0,4993.5,8.0,13.0
142300,10000.0,4994.0,16.0,14.0
142400,10000.0,4994.5,16.0,13.0
142500,10000.0,4994.0,16.0,14.0
142600,10000.0,4994.5,16.0,13.0
142700,10000.0,4994.5,16.0,13.0
142800,10000.0,4994.0,16.0,14.0
142900,9996.0,4993.5,8.0,13.0
143000,10000.0,4993.5,16.0,13.0
143100,10000.0,4993.0,16.0,14.0
143200,10000.0,4992.5,16.0,13.0
143300,10000.0,4992.5,16.0,13.0
143400,10000.0,4992.5,16.0,13.0
143500,10000.0,4992.5,16.0,13.0
143600,10000.0,4992.5,16.0,13.0
143700,10000.0,4992.5,16.0,13.0
143800,10000.0,4992.0,16.0,14.0
143900,10000.0,4995.0,16.0,8.0
144000,10000.0,4991.5,16.0,13.0
144100,10000.0,4992.0,16.0,14.0
144200,10000.0,4993.0,16.0,14.0
144300,10000.0,4993.5,16.0,13.0
144400,10000.0,4993.0,16.0,14.0
144500,10000.0,4992.5,16.0,13.0
144600,10000.0,4992.0,16.0,14.0
144700,10000.0,4992.5,16.0,13.0
144800,10000.0,4993.0,16.0,14.0
144900,10000.0,4992.0,16.0,14.0
145000,10000.0,4993.0,16.0,14.0
145100,10000.0,4992.0,16.0,14.0
145200,10000.0,4992.5,16.0,13.0
145300,10000.0,4992.5,16.0,13.0
145400,10000.0,4992.0,16.0,14.0
145500,10000.0,4992.5,16.0,13.0
145600,10000.0,4993.0,16.0,14.0
145700,10000.0,4993.0,16.0,14.0
145800,10000.0,4992.5,16.0,13.0
145900,10000.0,4992.5,16.0,13.0
146000,10000.0,4992.5,16.0,13.0
146100,10000.0,4992.5,16.0,13.0
146200,10000.0,4992.0,16.0,14.0
146300,10000.0,4991.5,16.0,13.0
146400,10000.0,4992.0,16.0,14.0
146500,10000.0,4992.0,16.0,14.0
146600,10000.0,4991.5,16.0,13.0
146700,10000.0,4992.0,16.0,14.0
146800,10000.0,4992.0,16.0,14.0
146900,10000.0,4991.5,16.0,13.0
147000,10000.0,4991.5,16.0,13.0
147100,10000.0,4991.5,16.0,13.0
147200,10000.0,4991.5,16.0,13.0
147300,10000.0,4992.5,16.0,13.0
147400,10000.0,4992.0,16.0,14.0
147500,10000.0,4992.0,16.0,14.0
147600,10000.0,4991.5,16.0,13.0
147700,10000.0,4992.0,16.0,14.0
147800,10000.0,4991.5,16.0,13.0
147900,10000.0,4991.0,16.0,14.0
148000,10000.0,4991.5,16.0,13.0
148100,10000.0,4991.0,16.0,14.0
148200,10000.0,4991.5,16.0,13.0
148300,10000.0,4992.0,16.0,14.0
148400,10000.0,4991.5,16.0,13.0
148500,10000.0,4992.0,16.0,14.0
148600,10000.0,4991.5,16.0,13.0
148700,10000.0,4991.0,16.0,14.0
148800,10000.0,4991.5,16.0,13.0
148900,10000.0,4991.5,16.0,13.0
149000,10000.0,4992.5,16.0,13.0
149100,10000.0,4992.5,16.0,13.0
149200,10000.0,4992.0,16.0,14.0
149300,10000.0,4990.5,16.0,13.0
149400,10000.0,4991.0,16.0,14.0
149500,10000.0,4990.5,16.0,13.0
149600,10000.0,4990.5,16.0,13.0
149700,10000.0,4986.5,16.0,5.0
149800,10000.0,4990.0,16.0,14.0
149900,9996.0,4990.5,8.0,13.0
150000,9996.0,4990.0,8.0,14.0
150100,10000.0,4989.5,16.0,13.0
150200,10000.0,4989.5,16.0,13.0
150300,10000.0,4989.5,16.0,13.0
150400,10000.0,4989.0,16.0,14.0
150500,10000.0,4989.5,16.0,13.0
150600,10000.0,4989.5,16.0,13.0
150700,10000.0,4989.0,16.0,14.0
150800,10000.0,4989.5,16.0,13.0
150900,10000.0,4990.0,16.0,14.0
151000,10000.0,4990.0,16.0,14.0
151100,10000.0,4990.0,16.0,14.0
151200,10000.0,4990.5,16.0,13.0
151300,10000.0,4990.0,16.0,14.0
151400,10000.0,4990.5,16.0,13.0
151500,10000.0,4990.5,16.0,13.0
151600,10000.0,4990.0,16.0,14.0
151700,10000.0,4990.5,16.0,13.0
151800,10000.0,4990.5,16.0,13.0
151900,10000.0,4990.0,16.0,14.0
152000,10000.0,4993.0,16.0,8.0
152100,10000.0,4989.5,16.0,13.0
152200,10000.0,4989.5,16.0,13.0
152300,10000.0,4989.5,16.0,13.0
152400,10000.0,4990.0,16.0,14.0
152500,10000.0,4990.5,16.0,13.0
152600,10000.0,4991.5,16.0,13.0
152700,10000.0,4991.0,16.0,14.0
152800,10000.0,4990.0,16.0,14.0
152900,10000.0,4989.5,16.0,13.0
153000,10000.0,4989.5,16.0,13.0
153100,10000.0,4990.0,16.0,14.0
153200,10000.0,4989.0,16.0,14.0
153300,10000.0,4989.5,16.0,13.0
153400,10000.0,4989.0,16.0,14.0
153500,10000.0,4989.0,16.0,14.0
153600,10000.0,4989.0,16.0,14.0
153700,10000.0,4988.5,16.0,13.0
153800,9996.0,4988.0,8.0,14.0
153900,10000.0,4988.0,16.0,14.0
154000,10000.0,4988.0,16.0,14.0
154100,10000.0,4988.0,16.0,14.0
154200,10000.0,4988.5,16.0,13.0
154300,10000.0,4989.5,16.0,13.0
154400,10000.0,4990.0,16.0,14.0
154500,10000.0,4991.0,16.0,14.0
154600,10000.0,4991.0,16.0,14.0
154700,10000.0,4991.0,16.0,14.0
154800,10000.0,4991.5,16.0,13.0
154900,10000.0,4991.5,16.0,13.0
155000,10000.0,4992.0,16.0,14.0
155100,10000.0,4991.5,16.0,13.0
155200,10000.0,4992.0,16.0,14.0
155300,10000.0,4992.0,16.0,14.0
155400,10000.0,4992.0,16.0,14.0
155500,10000.0,4992.5,16.0,13.0
155600,10000.0,4992.0,16.0,14.0
155700,10000.0,4992.0,16.0,14.0
155800,10000.0,4991.5,16.0,13.0
155900,10000.0,4990.5,16.0,13.0
156000,10000.0,4990.5,16.0,13.0
156100,10000.0,4991.0,16.0,14.0
156200,10000.0,4991.5,16.0,13.0
156300,10000.0,4991.0,16.0,14.0
156400,10000.0,4990.5,16.0,13.0
156500,10000.0,4990.5,16.0,13.0
156600,10000.0,4990.0,16.0,14.0
156700,10000.0,4990.5,16.0,13.0
156800,10000.0,4989.5,16.0,13.0
156900,10000.0,4990.0,16.0,14.0
157000,10000.0,4993.0,16.0,8.0
157100,10000.0,4990.0,16.0,14.0
157200,10000.0,4990.0,16.0,14.0
157300,10000.0,4990.0,16.0,14.0
157400,10000.0,4990.0,16.0,14.0
157500,10000.0,4990.5,16.0,13.0
157600,10000.0,4989.0,16.0,14.0
157700,10000.0,4988.5,16.0,13.0
157800,10000.0,4988.5,16.0,13.0
157900,10000.0,4988.5,16.0,13.0
158000,10000.0,4987.5,16.0,13.0
158100,10000.0,4991.0,16.0,6.0
158200,10000.0,4987.0,16.0,14.0
158300,10000.0,4987.0,16.0,14.0
158400,10000.0,4986.5,16.0,13.0
158500,10000.0,4984.0,16.0,14.0
158600,10000.0,4984.0,16.0,14.0
158700,10000.0,4984.0,16.0,14.0
158800,10000.0,4983.5,16.0,13.0
158900,10000.0,4983.0,16.0,14.0
159000,10000.0,4983.5,16.0,13.0
159100,10000.0,4983.5,16.0,13.0
159200,10000.0,4984.5,16.0,13.0
159300,10000.0,4984.5,16.0,13.0
159400,10000.0,4984.0,16.0,14.0
159500,10000.0,4983.5,16.0,13.0
159600,10000.0,4983.5,16.0,13.0
159700,10000.0,4983.5,16.0,13.0
159800,10000.0,4983.0,16.0,14.0
159900,10000.0,4984.0,16.0,14.0
160000,10000.0,4986.5,16.0,9.0
160100,10000.0,4986.0,16.0,8.0
160200,10000.0,4984.5,16.0,13.0
160300,10000.0,4985.0,16.0,14.0
160400,10000.0,4985.5,16.0,13.0
160500,10000.0,4985.5,16.0,13.0
160600,10000.0,4984.5,16.0,13.0
160700,10000.0,4984.5,16.0,13.0
160800,10000.0,4983.5,16.0,13.0
160900,10000.0,4983.5,16.0,13.0
161000,10000.0,4983.5,16.0,13.0
161100,10000.0,4984.0,16.0,14.0
161200,10000.0,4983.5,16.0,13.0
161300,10000.0,4983.5,16.0,13.0
161400,10000.0,4983.5,16.0,13.0
161500,10000.0,4983.5,16.0,13.0
161600,10000.0,4983.0,16.0,14.0
161700,10000.0,4982.5,16.0,13.0
161800,10000.0,4982.5,16.0,13.0
161900,10000.0,4983.5,16.0,13.0
162000,10000.0,4983.0,16.0,14.0
162100,10000.0,4983.5,16.0,13.0
162200,10000.0,4983.0,16.0,14.0
162300,10000.0,4982.5,16.0,13.0
162400,10000.0,4982.5,16.0,13.0
162500,10000.0,4982.5,16.0,13.0
162600,10000.0,4982.0,16.0,14.0
162700,10000.0,4982.0,16.0,14.0
162800,10000.0,4982.5,16.0,13.0
162900,10004.0,4982.0,8.0,14.0
163000,10000.0,4979.0,16.0,8.0
163100,10000.0,4982.0,16.0,14.0
163200,10000.0,4982.5,16.0,13.0
163300,10000.0,4983.5,16.0,13.0
163400,10000.0,4983.5,16.0,13.0
163500,10000.0,4983.5,16.0,13.0
163600,10000.0,4983.5,16.0,13.0
163700,10000.0,4983.5,16.0,13.0
163800,10000.0,4984.0,16.0,14.0
163900,10000.0,4986.0,16.0,8.0
164000,10000.0,4983.5,16.0,13.0
164100,10000.0,4983.5,16.0,13.0
164200,9996.0,4983.0,8.0,14.0
164300,10000.0,4984.5,16.0,13.0
164400,10000.0,4983.5,16.0,13.0
164500,10000.0,4983.5,16.0,13.0
164600,10000.0,4983.0,16.0,14.0
164700,10000.0,4983.5,16.0,13.0
164800,10000.0,4984.0,16.0,14.0
164900,10000.0,4984.5,16.0,13.0
165000,9996.0,4985.0,8.0,14.0
165100,10000.0,4985.0,16.0,14.0
165200,10000.0,4980.5,16.0,5.0
165300,10000.0,4985.5,16.0,13.0
165400,10000.0,4985.0,16.0,14.0
165500,10000.0,4984.5,16.0,13.0
165600,10000.0,4982.5,16.0,7.0
165700,10000.0,4986.0,16.0,14.0
165800,10000.0,4986.5,16.0,13.0
165900,10000.0,4987.0,16.0,14.0
166000,10000.0,4987.0,16.0,14.0
166100,10000.0,4987.5,16.0,13.0
166200,10000.0,4986.5,16.0,13.0
166300,10000.0,4986.5,16.0,13.0
166400,10000.0,4987.5,16.0,13.0
166500,10000.0,4987.0,16.0,14.0
166600,10000.0,4987.5,16.0,13.0
166700,10000.0,4987.5,16.0,13.0
166800,10000.0,4988.0,16.0,14.0
166900,10000.0,4988.5,16.0,13.0
167000,10000.0,4988.5,16.0,13.0
167100,10000.0,4989.0,16.0,14.0
167200,10000.0,4988.5,16.0,13.0
167300,10000.0,4989.0,16.0,14.0
167400,10000.0,4989.0,16.0,14.0
167500,10000.0,4989.5,16.0,13.0
167600,10000.0,4989.0,16.0,14.0
167700,10000.0,4988.5,16.0,13.0
167800,10000.0,4987.5,16.0,13.0
167900,10000.0,4987.5,16.0,13.0
168000,10000.0,4988.0,16.0,14.0
168100,10000.0,4988.0,16.0,14.0
168200,10000.0,4988.5,16.0,13.0
168300,10000.0,4987.5,16.0,13.0
168400,10004.0,4987.5,8.0,13.0
168500,10000.0,4988.5,16.0,13.0
168600,10000.0,4988.0,16.0,14.0
168700,10000.0,4987.5,16.0,13.0
168800,10000.0,4986.5,16.0,13.0
168900,10000.0,4991.0,16.0,6.0
169000,10000.0,4983.5,16.0,5.0
169100,10000.0,4988.0,16.0,14.0
169200,10000.0,4989.0,16.0,14.0
169300,10000.0,4989.0,16.0,14.0
169400,10000.0,4989.0,16.0,14.0
169500,10000.0,4988.5,16.0,13.0
169600,10000.0,4988.0,16.0,14.0
169700,10000.0,4988.0,16.0,14.0
169800,10000.0,4988.0,16.0,14.0
169900,10000.0,4991.0,16.0,6.0
170000,10000.0,4987.5,16.0,13.0
170100,10000.0,4987.5,16.0,13.0
170200,10000.0,4987.0,16.0,14.0
170300,10000.0,4984.5,16.0,7.0
170400,10000.0,4988.0,16.0,14.0
170500,10000.0,4987.5,16.0,13.0
170600,10000.0,4988.0,16.0,14.0
170700,10000.0,4988.0,16.0,14.0
170800,10000.0,4989.0,16.0,14.0
170900,10000.0,4989.0,16.0,14.0
171000,10000.0,4988.5,16.0,13.0
171100,10000.0,4988.5,16.0,13.0
171200,10000.0,4988.0,16.0,14.0
171300,10000.0,4989.0,16.0,14.0
171400,10000.0,4988.0,16.0,14.0
171500,10000.0,4988.5,16.0,13.0
171600,10000.0,4987.5,16.0,13.0
171700,10000.0,4988.0,16.0,14.0
171800,10000.0,4988.5,16.0,13.0
171900,10000.0,4991.0,16.0,8.0
172000,10000.0,4988.0,16.0,14.0
172100,10000.0,4987.5,16.0,13.0
172200,10000.0,4988.5,16.0,13.0
172300,10000.0,4988.0,16.0,14.0
172400,10000.0,4987.5,16.0,13.0
172500,10000.0,4987.5,16.0,13.0
172600,10000.0,4988.5,16.0,13.0
172700,10000.0,4992.0,16.0,6.0
172800,10000.0,4988.5,16.0,13.0
172900,10000.0,4989.0,16.0,14.0
173000,10000.0,4989.5,16.0,13.0
173100,10000.0,4990.0,16.0,14.0
173200,10000.0,4990.5,16.0,13.0
173300,10000.0,4991.0,16.0,14.0
173400,10000.0,4991.0,16.0,14.0
173500,10000.0,4991.0,16.0,14.0
173600,10000.0,4992.0,16.0,14.0
173700,10000.0,4991.0,16.0,14.0
173800,10000.0,4992.0,16.0,14.0
173900,10000.0,4992.5,16.0,13.0
174000,10000.0,4992.5,16.0,13.0
174100,10000.0,4993.0,16.0,14.0
174200,10000.0,4993.0,16.0,14.0
174300,10004.0,4992.0,8.0,14.0
174400,10000.0,4991.5,16.0,13.0
174500,10000.0,4991.5,16.0,13.0
174600,10000.0,4991.5,16.0,13.0
174700,10000.0,4991.0,16.0,14.0
174800,10000.0,4991.5,16.0,13.0
174900,10000.0,4990.5,16.0,13.0
175000,10000.0,4990.5,16.0,13.0
175100,10000.0,4991.0,16.0,14.0
175200,10000.0,4991.5,16.0,13.0
175300,10000.0,4991.5,16.0,13.0
175400,10000.0,4991.5,16.0,13.0
175500,10000.0,4991.0,16.0,14.0
175600,10000.0,4990.5,16.0,13.0
175700,10000.0,4990.5,16.0,13.0
175800,10000.0,4991.0,16.0,14.0
175900,10000.0,4991.0,16.0,14.0
176000,10000.0,4991.0,16.0,14.0
176100,10000.0,4990.5,16.0,13.0
176200,10000.0,4991.0,16.0,14.0
176300,10000.0,4990.5,16.0,13.0
176400,10000.0,4991.0,16.0,14.0
176500,10000.0,4992.0,16.0,14.0
176600,10000.0,4991.0,16.0,14.0
176700,10000.0,4991.5,16.0,13.0
176800,10000.0,4991.5,16.0,13.0
176900,10000.0,4991.5,16.0,13.0
177000,10000.0,4991.5,16.0,13.0
177100,10000.0,4992.0,16.0,14.0
177200,10000.0,4991.0,16.0,14.0
177300,10000.0,4990.5,16.0,13.0
177400,10000.0,4990.5,16.0,13.0
177500,10000.0,4990.0,16.0,14.0
177600,10000.0,4991.0,16.0,14.0
177700,10000.0,4990.5,16.0,13.0
177800,10000.0,4990.5,16.0,13.0
177900,10000.0,4990.5,16.0,13.0
178000,10000.0,4990.5,16.0,13.0
178100,10000.0,4990.5,16.0,13.0
178200,10000.0,4990.5,16.0,13.0
178300,10000.0,4991.5,16.0,13.0
178400,10000.0,4991.5,16.0,13.0
178500,10000.0,4992.0,16.0,14.0
178600,10000.0,4992.0,16.0,14.0
178700,10000.0,4992.0,16.0,14.0
178800,10000.0,4991.0,16.0,14.0
178900,10000.0,4991.5,16.0,13.0
179000,10000.0,4991.5,16.0,13.0
179100,10000.0,4991.0,16.0,14.0
179200,10000.0,4990.5,16.0,13.0
179300,10000.0,4990.0,16.0,14.0
179400,10000.0,4992.5,16.0,9.0
179500,10000.0,4989.5,16.0,13.0
179600,10000.0,4989.0,16.0,14.0
179700,10000.0,4989.0,16.0,14.0
179800,10000.0,4988.5,16.0,13.0
179900,10000.0,4988.5,16.0,13.0
180000,10000.0,4988.0,16.0,14.0
180100,10000.0,4988.0,16.0,14.0
180200,10000.0,4988.0,16.0,14.0
180300,10000.0,4987.5,16.0,13.0
180400,10000.0,4986.5,16.0,13.0
180500,10000.0,4986.5,16.0,13.0
180600,10000.0,4982.5,16.0,5.0
180700,10000.0,4987.0,16.0,14.0
180800,10000.0,4988.5,16.0,13.0
180900,10000.0,4988.5,16.0,13.0
181000,10004.0,4989.0,8.0,14.0
181100,10000.0,4989.0,16.0,14.0
181200,10000.0,4989.0,16.0,14.0
181300,10000.0,4989.0,16.0,14.0
181400,10000.0,4988.0,16.0,14.0
181500,10000.0,4987.0,16.0,14.0
181600,10000.0,4987.0,16.0,14.0
181700,10000.0,4987.5,16.0,13.0
181800,10000.0,4987.5,16.0,13.0
181900,10000.0,4988.0,16.0,14.0
182000,10000.0,4989.0,16.0,14.0
182100,10000.0,4989.5,16.0,13.0
182200,10000.0,4990.0,16.0,14.0
182300,10000.0,4987.5,16.0,7.0
182400,10000.0,4985.0,16.0,6.0
182500,10000.0,4988.5,16.0,13.0
182600,10000.0,4988.0,16.0,14.0
182700,10000.0,4988.0,16.0,14.0
182800,10000.0,4985.5,16.0,7.0
182900,10000.0,4988.0,16.0,14.0
183000,10000.0,4988.5,16.0,13.0
183100,10000.0,4988.0,16.0,14.0
183200,10000.0,4988.0,16.0,14.0
183300,10000.0,4988.5,16.0,13.0
183400,10000.0,4988.0,16.0,14.0
183500,10000.0,4988.5,16.0,13.0
183600,10000.0,4989.0,16.0,14.0
183700,10000.0,4989.0,16.0,14.0
183800,10000.0,4989.5,16.0,13.0
183900,10000.0,4989.0,16.0,14.0
184000,10000.0,4988.5,16.0,13.0
184100,10000.0,4989.0,16.0,14.0
184200,10000.0,4989.0,16.0,14.0
184300,10000.0,4988.5,16.0,13.0
184400,10000.0,4987.5,16.0,13.0
184500,10000.0,4987.5,16.0,13.0
184600,10000.0,4988.5,16.0,13.0
184700,10000.0,4988.5,16.0,13.0
184800,10000.0,4988.5,16.0,13.0
184900,10000.0,4988.5,16.0,13.0
185000,10000.0,4988.5,16.0,13.0
185100,10000.0,4989.0,16.0,14.0
185200,10000.0,4990.0,16.0,14.0
185300,10000.0,4990.0,16.0,14.0
185400,10000.0,4989.0,16.0,14.0
185500,10000.0,4990.0,16.0,14.0
185600,10000.0,4990.5,16.0,13.0
185700,10000.0,4994.0,16.0,6.0
185800,10000.0,4991.5,16.0,13.0
185900,10000.0,4991.0,16.0,14.0
186000,10000.0,4991.5,16.0,13.0
186100,10000.0,4992.0,16.0,14.0
186200,10000.0,4991.5,16.0,13.0
186300,10000.0,4991.0,16.0,14.0
186400,10000.0,4992.0,16.0,14.0
186500,10000.0,4992.0,16.0,14.0
186600,10004.0,4991.5,8.0,13.0
186700,10000.0,4991.0,16.0,14.0
186800,10000.0,4991.5,16.0,13.0
186900,10000.0,4992.0,16.0,14.0
187000,10000.0,4992.0,16.0,14.0
187100,10000.0,4993.0,16.0,14.0
187200,10000.0,4996.0,16.0,8.0
187300,10000.0,4994.0,16.0,14.0
187400,10000.0,4994.0,16.0,14.0
187500,10000.0,4994.0,16.0,14.0
187600,10000.0,4994.5,16.0,13.0
187700,10000.0,4995.0,16.0,14.0
187800,10000.0,4995.5,16.0,13.0
187900,10000.0,4995.0,16.0,14.0
188000,10000.0,4995.0,16.0,14.0
188100,10000.0,4995.0,16.0,14.0
188200,10000.0,4992.0,16.0,8.0
188300,10000.0,4995.5,16.0,13.0
188400,10000.0,4995.0,16.0,14.0
188500,10000.0,4995.5,16.0,13.0
188600,10000.0,4996.0,16.0,14.0
188700,10000.0,4996.0,16.0,14.0
188800,10000.0,4995.5,16.0,13.0
188900,10000.0,4994.5,16.0,13.0
189000,10000.0,4990.0,16.0,6.0
189100,10000.0,4994.0,16.0,14.0
189200,10000.0,4994.0,16.0,14.0
189300,10000.0,4993.0,16.0,14.0
189400,10000.0,4993.5,16.0,13.0
189500,10000.0,4992.5,16.0,13.0
189600,10000.0,4990.5,16.0,7.0
189700,10000.0,4992.5,16.0,13.0
189800,10000.0,4993.5,16.0,13.0
189900,10000.0,4994.0,16.0,14.0
190000,10000.0,4994.5,16.0,13.0
190100,10000.0,4994.5,16.0,13.0
190200,10000.0,4994.5,16.0,13.0
190300,10000.0,4994.5,16.0,13.0
190400,10000.0,4994.0,16.0,14.0
190500,10000.0,4993.0,16.0,14.0
190600,10000.0,4994.0,16.0,14.0
190700,10000.0,4993.5,16.0,13.0
190800,10000.0,4993.0,16.0,14.0
190900,10000.0,4993.0,16.0,14.0
191000,10000.0,4992.5,16.0,13.0
191100,10000.0,4993.5,16.0,13.0
191200,10000.0,4992.5,16.0,13.0
191300,10000.0,4993.0,16.0,14.0
191400,10000.0,4993.0,16.0,14.0
191500,10000.0,4993.0,16.0,14.0
191600,10000.0,4993.5,16.0,13.0
191700,10000.0,4993.0,16.0,14.0
191800,10000.0,4993.0,16.0,14.0
191900,10000.0,4993.0,16.0,14.0
192000,10000.0,4993.5,16.0,13.0
192100,10000.0,4993.5,16.0,13.0
192200,10000.0,4992.5,16.0,13.0
192300,10000.0,4992.0,16.0,14.0
192400,10000.0,4992.0,16.0,14.0
192500,10000.0,4992.5,16.0,13.0
192600,10000.0,4992.5,16.0,13.0
192700,10000.0,4991.0,16.0,14.0
192800,10000.0,4990.5,16.0,13.0
192900,10000.0,4994.0,16.0,8.0
193000,10000.0,4987.5,16.0,7.0
193100,10000.0,4991.0,16.0,14.0
193200,10000.0,4992.5,16.0,13.0
193300,10000.0,4992.5,16.0,13.0
193400,10000.0,4991.5,16.0,13.0
193500,10000.0,4991.0,16.0,14.0
193600,10000.0,4991.5,16.0,13.0
193700,10000.0,4991.5,16.0,13.0
193800,10000.0,4991.5,16.0,13.0
193900,10000.0,4991.5,16.0,13.0
194000,10000.0,4992.5,16.0,13.0
194100,10000.0,4991.0,16.0,14.0
194200,10000.0,4991.0,16.0,14.0
194300,10000.0,4990.0,16.0,14.0
194400,10000.0,4990.0,16.0,14.0
194500,10000.0,4990.0,16.0,14.0
194600,10000.0,4990.0,16.0,14.0
194700,10000.0,4989.5,16.0,13.0
194800,10000.0,4989.0,16.0,14.0
194900,10000.0,4989.5,16.0,13.0
195000,10000.0,4989.0,16.0,14.0
195100,10000.0,4989.5,16.0,13.0
195200,9996.0,4989.0,8.0,14.0
195300,10000.0,4989.5,16.0,13.0
195400,10000.0,4989.5,16.0,13.0
195500,10000.0,4990.0,16.0,14.0
195600,10000.0,4990.5,16.0,13.0
195700,10000.0,4991.0,16.0,14.0
195800,10000.0,4991.0,16.0,14.0
195900,10000.0,4991.0,16.0,14.0
196000,10000.0,4992.0,16.0,14.0
196100,10000.0,4993.0,16.0,14.0
196200,10000.0,4993.0,16.0,14.0
196300,10000.0,4993.0,16.0,14.0
196400,10000.0,4990.0,16.0,8.0
196500,10000.0,4993.0,16.0,14.0
196600,10000.0,4992.0,16.0,14.0
196700,10000.0,4992.0,16.0,14.0
196800,10000.0,4995.0,16.0,8.0
196900,10000.0,4993.0,16.0,14.0
197000,10000.0,4993.0,16.0,14.0
197100,10000.0,4993.5,16.0,13.0
197200,10000.0,4993.0,16.0,14.0
197300,10000.0,4992.0,16.0,14.0
197400,10000.0,4992.0,16.0,14.0
197500,10000.0,4992.5,16.0,13.0
197600,10000.0,4992.5,16.0,13.0
197700,10000.0,4992.5,16.0,13.0
197800,10000.0,4993.0,16.0,14.0
197900,10000.0,4993.5,16.0,13.0
198000,10000.0,4994.0,16.0,14.0
198100,10000.0,4993.5,16.0,13.0
198200,10000.0,4993.0,16.0,14.0
198300,10000.0,4993.0,16.0,14.0
198400,10000.0,4994.0,16.0,14.0
198500,10000.0,4995.0,16.0,14.0
198600,10000.0,4995.5,16.0,13.0
198700,10000.0,4995.5,16.0,13.0
198800,10000.0,4995.0,16.0,14.0
198900,10000.0,4995.0,16.0,14.0
199000,10000.0,4995.5,16.0,13.0
199100,10000.0,4995.5,16.0,13.0
199200,10000.0,4995.0,16.0,14.0
199300,10000.0,4994.5,16.0,13.0
199400,10000.0,4994.5,16.0,13.0
199500,10000.0,4995.0,16.0,14.0
199600,10000.0,4995.0,16.0,14.0
199700,10000.0,4995.5,16.0,13.0
199800,10000.0,4995.5,16.0,13.0
199900,10000.0,4996.5,16.0,13.0
