timestamp,pnl_emeralds,pnl_tomatoes,pnl_sum_products
0,0.0,0.0,0.0
100,0.0,0.0,0.0
200,0.0,0.0,0.0
300,0.0,0.0,0.0
400,0.0,0.0,0.0
500,0.0,0.0,0.0
600,0.0,0.0,0.0
700,0.0,0.0,0.0
800,0.0,0.0,0.0
900,0.0,0.0,0.0
1000,0.0,0.0,0.0
1100,0.0,0.0,0.0
1200,0.0,0.0,0.0
1300,0.0,0.0,0.0
1400,0.0,0.0,0.0
1500,0.0,0.0,0.0
1600,0.0,0.0,0.0
1700,0.0,0.0,0.0
1800,0.0,0.0,0.0
1900,0.0,0.0,0.0
2000,0.0,0.0,0.0
2100,0.0,0.0,0.0
2200,0.0,0.0,0.0
2300,0.0,0.0,0.0
2400,0.0,0.0,0.0
2500,0.0,0.0,0.0
2600,0.0,0.0,0.0
2700,0.0,0.0,0.0
2800,0.0,0.0,0.0
2900,0.0,0.0,0.0
3000,0.0,15.580078125,15.580078125
3100,0.0,15.2900390625,15.2900390625
3200,0.0,13.7734375,13.7734375
3300,0.0,14.8798828125,14.8798828125
3400,0.0,29.98828125,29.98828125
3500,0.0,22.634765625,22.634765625
3600,0.0,23.765625,23.765625
3700,0.0,24.5859375,24.5859375
3800,0.0,21.87890625,21.87890625
3900,0.0,25.58203125,25.58203125
4000,0.0,26.3876953125,26.3876953125
4100,0.0,26.0302734375,26.0302734375
4200,0.0,26.3818359375,26.3818359375
4300,0.0,31.75390625,31.75390625
4400,0.0,32.28125,32.28125
4500,0.0,33.046875,33.046875
4600,0.0,33.197265625,33.197265625
4700,0.0,33.150390625,33.150390625
4800,0.0,33.26953125,33.26953125
4900,0.0,33.59375,33.59375
5000,0.0,37.33203125,37.33203125
5100,0.0,35.552734375,35.552734375
5200,0.0,35.79296875,35.79296875
5300,0.0,36.841796875,36.841796875
5400,0.0,36.70703125,36.70703125
5500,0.0,35.3984375,35.3984375
5600,0.0,37.583984375,37.583984375
5700,0.0,34.283203125,34.283203125
5800,0.0,30.70703125,30.70703125
5900,0.0,32.55078125,32.55078125
6000,56.0,33.52734375,89.52734375
6100,56.0,35.017578125,91.017578125
6200,56.0,35.53125,91.53125
6300,56.0,34.107421875,90.107421875
6400,56.0,34.60546875,90.60546875
6500,56.0,32.78515625,88.78515625
6600,56.0,35.64453125,91.64453125
6700,56.0,37.017578125,93.017578125
6800,56.0,41.755859375,97.755859375
6900,56.0,39.048828125,95.048828125
7000,56.0,42.50390625,98.50390625
7100,56.0,46.326171875,102.326171875
7200,56.0,45.134765625,101.134765625
7300,56.0,44.5390625,100.5390625
7400,56.0,44.2734375,100.2734375
7500,56.0,47.171875,103.171875
7600,56.0,49.73046875,105.73046875
7700,56.0,48.09765625,104.09765625
7800,56.0,47.60546875,103.60546875
7900,56.0,50.8046875,106.8046875
8000,56.0,50.720703125,106.720703125
8100,56.0,54.197265625,110.197265625
8200,56.0,53.548828125,109.548828125
8300,56.0,55.28125,111.28125
8400,56.0,59.91015625,115.91015625
8500,56.0,59.849609375,115.849609375
8600,56.0,58.73046875,114.73046875
8700,56.0,61.66015625,117.66015625
8800,56.0,61.31640625,117.31640625
8900,56.0,59.80859375,115.80859375
9000,56.0,60.01171875,116.01171875
9100,56.0,56.734375,112.734375
9200,56.0,58.638671875,114.638671875
9300,56.0,58.5546875,114.5546875
9400,56.0,57.6640625,113.6640625
9500,56.0,57.39453125,113.39453125
9600,56.0,53.552734375,109.552734375
9700,56.0,55.30078125,111.30078125
9800,98.0,57.203125,155.203125
9900,98.0,57.302734375,155.302734375
10000,98.0,56.404296875,154.404296875
10100,98.0,59.921875,157.921875
10200,98.0,64.08984375,162.08984375
10300,98.0,77.8369140625,175.8369140625
10400,98.0,77.7373046875,175.7373046875
10500,98.0,78.33984375,176.33984375
10600,98.0,77.1640625,175.1640625
10700,98.0,77.6025390625,175.6025390625
10800,98.0,74.0107421875,172.0107421875
10900,98.0,71.28515625,169.28515625
11000,98.0,69.716796875,167.716796875
11100,98.0,69.060546875,167.060546875
11200,98.0,70.6953125,168.6953125
11300,98.0,68.5908203125,166.5908203125
11400,98.0,68.53515625,166.53515625
11500,98.0,67.83203125,165.83203125
11600,98.0,68.04296875,166.04296875
11700,98.0,67.984375,165.984375
11800,98.0,68.154296875,166.154296875
11900,98.0,69.345703125,167.345703125
12000,98.0,67.712890625,165.712890625
12100,98.0,69.138671875,167.138671875
12200,98.0,71.076171875,169.076171875
12300,98.0,73.005859375,171.005859375
12400,98.0,73.837890625,171.837890625
12500,98.0,72.5234375,170.5234375
12600,98.0,72.0712890625,170.0712890625
12700,98.0,68.8837890625,166.8837890625
12800,98.0,68.935546875,166.935546875
12900,98.0,66.9765625,164.9765625
13000,98.0,90.3046875,188.3046875
13100,98.0,73.140625,171.140625
13200,98.0,81.1328125,179.1328125
13300,98.0,110.0859375,208.0859375
13400,98.0,112.7265625,210.7265625
13500,98.0,117.72265625,215.72265625
13600,98.0,118.6796875,216.6796875
13700,98.0,115.89453125,213.89453125
13800,98.0,108.765625,206.765625
13900,98.0,104.58984375,202.58984375
14000,98.0,106.61328125,204.61328125
14100,98.0,105.568359375,203.568359375
14200,98.0,101.4873046875,199.4873046875
14300,98.0,100.98046875,198.98046875
14400,98.0,103.12109375,201.12109375
14500,98.0,100.673828125,198.673828125
14600,98.0,99.8046875,197.8046875
14700,98.0,98.919921875,196.919921875
14800,98.0,117.0,215.0
14900,98.0,144.94140625,242.94140625
15000,98.0,147.08203125,245.08203125
15100,98.0,150.4140625,248.4140625
15200,98.0,152.921875,250.921875
15300,98.0,154.1015625,252.1015625
15400,98.0,156.875,254.875
15500,98.0,159.90625,257.90625
15600,98.0,162.96484375,260.96484375
15700,98.0,168.9375,266.9375
15800,98.0,176.0625,274.0625
15900,98.0,171.78125,269.78125
16000,98.0,167.2734375,265.2734375
16100,98.0,167.8359375,265.8359375
16200,98.0,158.703125,256.703125
16300,98.0,150.3984375,248.3984375
16400,98.0,155.8359375,253.8359375
16500,98.0,156.53125,254.53125
16600,98.0,156.4296875,254.4296875
16700,98.0,150.0,248.0
16800,98.0,153.4609375,251.4609375
16900,98.0,146.515625,244.515625
17000,98.0,147.828125,245.828125
17100,98.0,142.359375,240.359375
17200,98.0,150.42578125,248.42578125
17300,98.0,151.15234375,249.15234375
17400,98.0,152.5234375,250.5234375
17500,98.0,183.00390625,281.00390625
17600,98.0,181.13671875,279.13671875
17700,98.0,179.82421875,277.82421875
17800,98.0,180.95703125,278.95703125
17900,98.0,175.96484375,273.96484375
18000,98.0,173.96484375,271.96484375
18100,98.0,175.30078125,273.30078125
18200,98.0,172.3046875,270.3046875
18300,98.0,170.0,268.0
18400,98.0,170.3359375,268.3359375
18500,98.0,166.23046875,264.23046875
18600,98.0,162.00390625,260.00390625
18700,98.0,163.74609375,261.74609375
18800,98.0,156.92578125,254.92578125
18900,98.0,185.5029296875,283.5029296875
19000,98.0,184.94921875,282.94921875
19100,98.0,184.4736328125,282.4736328125
19200,98.0,184.1328125,282.1328125
19300,98.0,185.8974609375,283.8974609375
19400,98.0,186.7216796875,284.7216796875
19500,98.0,186.755859375,284.755859375
19600,98.0,185.8388671875,283.8388671875
19700,98.0,186.912109375,284.912109375
19800,98.0,187.1484375,285.1484375
19900,98.0,186.39453125,284.39453125
20000,98.0,186.287109375,284.287109375
20100,98.0,185.3095703125,283.3095703125
20200,98.0,186.568359375,284.568359375
20300,98.0,186.888671875,284.888671875
20400,98.0,185.50390625,283.50390625
20500,98.0,183.94140625,281.94140625
20600,98.0,184.830078125,282.830078125
20700,98.0,185.458984375,283.458984375
20800,98.0,186.291015625,284.291015625
20900,98.0,186.740234375,284.740234375
21000,98.0,187.603515625,285.603515625
21100,98.0,186.4423828125,284.4423828125
21200,98.0,184.365234375,282.365234375
21300,98.0,185.21484375,283.21484375
21400,98.0,184.1923828125,282.1923828125
21500,98.0,203.80078125,301.80078125
21600,98.0,203.15625,301.15625
21700,98.0,201.84765625,299.84765625
21800,98.0,201.9609375,299.9609375
21900,98.0,195.3515625,293.3515625
22000,98.0,197.55078125,295.55078125
22100,98.0,194.0859375,292.0859375
22200,98.0,191.78125,289.78125
22300,98.0,190.56640625,288.56640625
22400,98.0,184.40234375,282.40234375
22500,98.0,187.2109375,285.2109375
22600,98.0,185.56640625,283.56640625
22700,98.0,188.7421875,286.7421875
22800,98.0,188.10546875,286.10546875
22900,98.0,185.40625,283.40625
23000,98.0,177.8203125,275.8203125
23100,98.0,177.70703125,275.70703125
23200,98.0,175.6640625,273.6640625
23300,98.0,171.48828125,269.48828125
23400,98.0,169.2109375,267.2109375
23500,98.0,169.2578125,267.2578125
23600,98.0,171.72265625,269.72265625
23700,98.0,169.822265625,267.822265625
23800,126.0,168.4140625,294.4140625
23900,126.0,164.87890625,290.87890625
24000,126.0,162.744140625,288.744140625
24100,126.0,167.203125,293.203125
24200,126.0,168.14453125,294.14453125
24300,126.0,168.2421875,294.2421875
24400,126.0,170.443359375,296.443359375
24500,126.0,168.65625,294.65625
24600,126.0,164.14453125,290.14453125
24700,126.0,173.42578125,299.42578125
24800,126.0,181.27734375,307.27734375
24900,126.0,176.52734375,302.52734375
25000,126.0,178.70703125,304.70703125
25100,126.0,178.46484375,304.46484375
25200,126.0,181.57421875,307.57421875
25300,126.0,179.9140625,305.9140625
25400,126.0,184.6875,310.6875
25500,126.0,184.36328125,310.36328125
25600,126.0,184.66796875,310.66796875
25700,126.0,183.609375,309.609375
25800,126.0,183.453125,309.453125
25900,126.0,182.80078125,308.80078125
26000,126.0,176.73046875,302.73046875
26100,126.0,178.2890625,304.2890625
26200,126.0,175.546875,301.546875
26300,126.0,167.7109375,293.7109375
26400,126.0,171.765625,297.765625
26500,126.0,171.30859375,297.30859375
26600,126.0,168.59765625,294.59765625
26700,126.0,175.265625,301.265625
26800,126.0,179.66796875,305.66796875
26900,126.0,173.96484375,299.96484375
27000,126.0,175.9765625,301.9765625
27100,126.0,179.34375,305.34375
27200,126.0,176.47265625,302.47265625
27300,126.0,175.65234375,301.65234375
27400,126.0,185.90234375,311.90234375
27500,126.0,177.7578125,303.7578125
27600,126.0,171.24609375,297.24609375
27700,126.0,171.015625,297.015625
27800,126.0,173.37109375,299.37109375
27900,126.0,166.0703125,292.0703125
28000,126.0,168.91015625,294.91015625
28100,126.0,168.890625,294.890625
28200,126.0,176.984375,302.984375
28300,126.0,171.88671875,297.88671875
28400,126.0,163.953125,289.953125
28500,126.0,163.109375,289.109375
28600,126.0,159.7421875,285.7421875
28700,126.0,166.87890625,292.87890625
28800,147.0,166.2890625,313.2890625
28900,147.0,162.0859375,309.0859375
29000,147.0,159.35546875,306.35546875
29100,147.0,149.1875,296.1875
29200,147.0,159.26171875,306.26171875
29300,147.0,151.44140625,298.44140625
29400,147.0,153.4765625,300.4765625
29500,147.0,142.3828125,289.3828125
29600,147.0,132.33984375,279.33984375
29700,147.0,127.33984375,274.33984375
29800,147.0,122.125,269.125
29900,203.0,123.70703125,326.70703125
30000,203.0,119.3984375,322.3984375
30100,203.0,110.03515625,313.03515625
30200,203.0,117.24609375,320.24609375
30300,203.0,116.984375,319.984375
30400,203.0,107.08203125,310.08203125
30500,203.0,111.3984375,314.3984375
30600,203.0,122.92578125,325.92578125
30700,203.0,122.0390625,325.0390625
30800,203.0,119.4921875,322.4921875
30900,203.0,109.3359375,312.3359375
31000,203.0,156.53125,359.53125
31100,203.0,171.3984375,374.3984375
31200,203.0,168.6796875,371.6796875
31300,203.0,160.3671875,363.3671875
31400,203.0,163.2109375,366.2109375
31500,203.0,156.484375,359.484375
31600,203.0,157.71875,360.71875
31700,203.0,155.015625,358.015625
31800,203.0,154.75,357.75
31900,203.0,151.53125,354.53125
32000,203.0,153.625,356.625
32100,203.0,161.640625,364.640625
32200,203.0,165.5234375,368.5234375
32300,203.0,169.640625,372.640625
32400,203.0,167.5390625,370.5390625
32500,203.0,173.9296875,376.9296875
32600,203.0,182.25,385.25
32700,203.0,175.28125,378.28125
32800,203.0,187.0625,390.0625
32900,203.0,184.984375,387.984375
33000,203.0,188.8671875,391.8671875
33100,203.0,172.15625,375.15625
33200,203.0,171.453125,374.453125
33300,203.0,161.625,364.625
33400,203.0,182.1171875,385.1171875
33500,203.0,181.140625,384.140625
33600,203.0,179.3828125,382.3828125
33700,203.0,174.28125,377.28125
33800,203.0,181.2265625,384.2265625
33900,203.0,183.06640625,386.06640625
34000,203.0,183.30078125,386.30078125
34100,203.0,174.796875,377.796875
34200,203.0,166.77734375,369.77734375
34300,203.0,168.51171875,371.51171875
34400,203.0,170.453125,373.453125
34500,203.0,174.90234375,377.90234375
34600,203.0,174.546875,377.546875
34700,203.0,182.9765625,385.9765625
34800,203.0,195.0,398.0
34900,203.0,187.47265625,390.47265625
35000,203.0,192.8359375,395.8359375
35100,203.0,200.609375,403.609375
35200,203.0,200.296875,403.296875
35300,203.0,200.80859375,403.80859375
35400,203.0,205.53515625,408.53515625
35500,203.0,205.23828125,408.23828125
35600,203.0,208.30078125,411.30078125
35700,203.0,204.9453125,407.9453125
35800,203.0,202.53125,405.53125
35900,203.0,209.86328125,412.86328125
36000,203.0,200.640625,403.640625
36100,203.0,203.90625,406.90625
36200,203.0,203.81640625,406.81640625
36300,203.0,209.50390625,412.50390625
36400,203.0,204.625,407.625
36500,203.0,199.94921875,402.94921875
36600,203.0,190.7265625,393.7265625
36700,203.0,185.5390625,388.5390625
36800,203.0,186.11328125,389.11328125
36900,203.0,191.08984375,394.08984375
37000,203.0,187.74609375,390.74609375
37100,203.0,187.1171875,390.1171875
37200,203.0,187.44921875,390.44921875
37300,203.0,187.53515625,390.53515625
37400,203.0,188.2734375,391.2734375
37500,203.0,193.515625,396.515625
37600,203.0,188.1171875,391.1171875
37700,203.0,183.63671875,386.63671875
37800,203.0,176.734375,379.734375
37900,203.0,174.6484375,377.6484375
38000,203.0,166.7265625,369.7265625
38100,203.0,158.6328125,361.6328125
38200,203.0,153.64453125,356.64453125
38300,203.0,153.09765625,356.09765625
38400,252.0,158.66015625,410.66015625
38500,252.0,147.6484375,399.6484375
38600,252.0,141.93359375,393.93359375
38700,252.0,141.09765625,393.09765625
38800,252.0,139.953125,391.953125
38900,252.0,139.72265625,391.72265625
39000,252.0,136.5,388.5
39100,252.0,131.62109375,383.62109375
39200,252.0,131.90234375,383.90234375
39300,252.0,122.07421875,374.07421875
39400,252.0,114.93359375,366.93359375
39500,252.0,114.74609375,366.74609375
39600,252.0,111.42578125,363.42578125
39700,252.0,110.8515625,362.8515625
39800,252.0,110.57421875,362.57421875
39900,252.0,117.65625,369.65625
40000,252.0,117.76953125,369.76953125
40100,252.0,124.91015625,376.91015625
40200,252.0,125.265625,377.265625
40300,252.0,129.51171875,381.51171875
40400,252.0,123.8203125,375.8203125
40500,252.0,120.58203125,372.58203125
40600,252.0,115.48046875,367.48046875
40700,252.0,120.45703125,372.45703125
40800,252.0,118.73828125,370.73828125
40900,273.0,119.75,392.75
41000,273.0,123.15625,396.15625
41100,273.0,128.55078125,401.55078125
41200,273.0,127.0,400.0
41300,273.0,126.0625,399.0625
41400,273.0,124.9375,397.9375
41500,273.0,128.125,401.125
41600,273.0,121.9609375,394.9609375
41700,273.0,125.6328125,398.6328125
41800,273.0,125.953125,398.953125
41900,273.0,126.92578125,399.92578125
42000,273.0,123.1640625,396.1640625
42100,273.0,123.54296875,396.54296875
42200,273.0,117.8046875,390.8046875
42300,273.0,113.7109375,386.7109375
42400,273.0,110.86328125,383.86328125
42500,273.0,109.1953125,382.1953125
42600,329.0,105.125,434.125
42700,329.0,112.90234375,441.90234375
42800,329.0,111.57421875,440.57421875
42900,329.0,113.10546875,442.10546875
43000,329.0,119.904296875,448.904296875
43100,329.0,119.271484375,448.271484375
43200,378.0,117.91796875,495.91796875
43300,378.0,117.8056640625,495.8056640625
43400,378.0,116.9541015625,494.9541015625
43500,378.0,115.998046875,493.998046875
43600,378.0,116.857421875,494.857421875
43700,378.0,116.98828125,494.98828125
43800,378.0,117.166015625,495.166015625
43900,378.0,117.662109375,495.662109375
44000,378.0,117.47265625,495.47265625
44100,378.0,116.69921875,494.69921875
44200,378.0,114.1533203125,492.1533203125
44300,378.0,112.5244140625,490.5244140625
44400,378.0,124.0,502.0
44500,378.0,124.0,502.0
44600,378.0,124.0,502.0
44700,378.0,124.0,502.0
44800,378.0,124.0,502.0
44900,378.0,124.0,502.0
45000,378.0,124.0,502.0
45100,378.0,124.0,502.0
45200,378.0,124.0,502.0
45300,378.0,124.0,502.0
45400,378.0,124.0,502.0
45500,378.0,124.0,502.0
45600,378.0,124.0,502.0
45700,378.0,124.0,502.0
45800,378.0,136.765625,514.765625
45900,378.0,135.3359375,513.3359375
46000,378.0,139.765625,517.765625
46100,378.0,137.6328125,515.6328125
46200,378.0,131.9140625,509.9140625
46300,378.0,133.96875,511.96875
46400,378.0,136.8671875,514.8671875
46500,378.0,140.953125,518.953125
46600,378.0,136.8984375,514.8984375
46700,378.0,131.39453125,509.39453125
46800,378.0,144.8359375,522.8359375
46900,378.0,148.0703125,526.0703125
47000,378.0,148.140625,526.140625
47100,378.0,140.765625,518.765625
47200,378.0,145.48046875,523.48046875
47300,378.0,142.4140625,520.4140625
47400,378.0,147.84375,525.84375
47500,378.0,141.71875,519.71875
47600,378.0,143.37109375,521.37109375
47700,378.0,150.49609375,528.49609375
47800,378.0,153.77734375,531.77734375
47900,378.0,151.41015625,529.41015625
48000,378.0,153.1171875,531.1171875
48100,378.0,180.84765625,558.84765625
48200,378.0,181.5859375,559.5859375
48300,378.0,187.48828125,565.48828125
48400,378.0,185.23046875,563.23046875
48500,378.0,193.1484375,571.1484375
48600,378.0,201.79296875,579.79296875
48700,378.0,204.8125,582.8125
48800,378.0,220.62890625,598.62890625
48900,378.0,222.89453125,600.89453125
49000,378.0,224.142578125,602.142578125
49100,378.0,225.69140625,603.69140625
49200,378.0,224.404296875,602.404296875
49300,378.0,225.556640625,603.556640625
49400,378.0,222.12109375,600.12109375
49500,378.0,218.154296875,596.154296875
49600,378.0,219.818359375,597.818359375
49700,378.0,223.330078125,601.330078125
49800,378.0,227.08984375,605.08984375
49900,378.0,224.220703125,602.220703125
50000,378.0,220.953125,598.953125
50100,378.0,220.341796875,598.341796875
50200,378.0,215.6875,593.6875
50300,378.0,213.51953125,591.51953125
50400,378.0,211.90234375,589.90234375
50500,378.0,210.033203125,588.033203125
50600,392.0,205.453125,597.453125
50700,392.0,208.19921875,600.19921875
50800,392.0,207.1640625,599.1640625
50900,392.0,209.29296875,601.29296875
51000,392.0,211.9296875,603.9296875
51100,392.0,212.716796875,604.716796875
51200,392.0,213.66357421875,605.66357421875
51300,392.0,213.0546875,605.0546875
51400,392.0,213.01220703125,605.01220703125
51500,392.0,212.07568359375,604.07568359375
51600,392.0,228.75,620.75
51700,392.0,226.8125,618.8125
51800,392.0,227.23828125,619.23828125
51900,392.0,224.3203125,616.3203125
52000,392.0,230.01953125,622.01953125
52100,392.0,221.67578125,613.67578125
52200,392.0,219.53125,611.53125
52300,392.0,236.01953125,628.01953125
52400,392.0,235.00390625,627.00390625
52500,392.0,226.2275390625,618.2275390625
52600,392.0,226.57177734375,618.57177734375
52700,392.0,226.62890625,618.62890625
52800,392.0,227.5400390625,619.5400390625
52900,392.0,228.42236328125,620.42236328125
53000,392.0,227.30126953125,619.30126953125
53100,392.0,228.25,620.25
53200,392.0,227.6025390625,619.6025390625
53300,392.0,227.4248046875,619.4248046875
53400,392.0,228.12353515625,620.12353515625
53500,392.0,228.8232421875,620.8232421875
53600,392.0,229.23974609375,621.23974609375
53700,392.0,230.12890625,622.12890625
53800,392.0,230.17578125,622.17578125
53900,392.0,230.02392578125,622.02392578125
54000,392.0,230.734375,622.734375
54100,392.0,230.7548828125,622.7548828125
54200,392.0,230.3935546875,622.3935546875
54300,392.0,230.67578125,622.67578125
54400,392.0,230.18994140625,622.18994140625
54500,392.0,230.05419921875,622.05419921875
54600,392.0,230.75244140625,622.75244140625
54700,392.0,230.32861328125,622.32861328125
54800,392.0,230.234375,622.234375
54900,392.0,233.32421875,625.32421875
55000,392.0,233.166015625,625.166015625
55100,392.0,234.3828125,626.3828125
55200,392.0,232.3515625,624.3515625
55300,392.0,235.64453125,627.64453125
55400,392.0,235.5234375,627.5234375
55500,392.0,233.435546875,625.435546875
55600,392.0,231.30859375,623.30859375
55700,392.0,228.26171875,620.26171875
55800,392.0,226.49609375,618.49609375
55900,392.0,227.53125,619.53125
56000,392.0,221.41796875,613.41796875
56100,392.0,220.859375,612.859375
56200,392.0,217.28515625,609.28515625
56300,392.0,217.53515625,609.53515625
56400,392.0,219.671875,611.671875
56500,392.0,215.69921875,607.69921875
56600,392.0,221.70703125,613.70703125
56700,392.0,219.748046875,611.748046875
56800,392.0,221.35546875,613.35546875
56900,392.0,219.296875,611.296875
57000,420.0,221.53125,641.53125
57100,420.0,222.8203125,642.8203125
57200,420.0,221.9140625,641.9140625
57300,420.0,221.646484375,641.646484375
57400,420.0,224.39453125,644.39453125
57500,420.0,222.57421875,642.57421875
57600,420.0,225.595703125,645.595703125
57700,420.0,227.201171875,647.201171875
57800,420.0,224.1796875,644.1796875
57900,420.0,222.61328125,642.61328125
58000,420.0,221.857421875,641.857421875
58100,420.0,223.890625,643.890625
58200,420.0,223.83203125,643.83203125
58300,420.0,225.701171875,645.701171875
58400,420.0,227.763671875,647.763671875
58500,420.0,224.46875,644.46875
58600,420.0,217.5234375,637.5234375
58700,420.0,221.53515625,641.53515625
58800,420.0,216.0703125,636.0703125
58900,420.0,240.083984375,660.083984375
59000,420.0,238.8056640625,658.8056640625
59100,420.0,237.919921875,657.919921875
59200,420.0,237.69921875,657.69921875
59300,420.0,238.84375,658.84375
59400,420.0,245.5234375,665.5234375
59500,420.0,270.728515625,690.728515625
59600,420.0,272.779296875,692.779296875
59700,420.0,270.775390625,690.775390625
59800,420.0,272.544921875,692.544921875
59900,420.0,298.125,718.125
60000,420.0,306.015625,726.015625
60100,420.0,298.9765625,718.9765625
60200,420.0,300.7421875,720.7421875
60300,420.0,303.0,723.0
60400,448.0,300.640625,748.640625
60500,448.0,296.6484375,744.6484375
60600,448.0,295.9609375,743.9609375
60700,448.0,294.05859375,742.05859375
60800,448.0,299.25,747.25
60900,448.0,295.765625,743.765625
61000,448.0,296.31640625,744.31640625
61100,448.0,300.5546875,748.5546875
61200,448.0,296.625,744.625
61300,448.0,298.7421875,746.7421875
61400,448.0,310.859375,758.859375
61500,448.0,312.3046875,760.3046875
61600,448.0,316.34375,764.34375
61700,448.0,315.03515625,763.03515625
61800,448.0,315.0625,763.0625
61900,448.0,310.1015625,758.1015625
62000,448.0,310.55859375,758.55859375
62100,448.0,311.24609375,759.24609375
62200,448.0,310.06640625,758.06640625
62300,448.0,316.31640625,764.31640625
62400,448.0,319.9140625,767.9140625
62500,448.0,315.9140625,763.9140625
62600,448.0,312.8203125,760.8203125
62700,448.0,313.7734375,761.7734375
62800,448.0,318.859375,766.859375
62900,448.0,310.7421875,758.7421875
63000,448.0,313.3125,761.3125
63100,448.0,316.7421875,764.7421875
63200,448.0,319.55859375,767.55859375
63300,448.0,316.2890625,764.2890625
63400,448.0,316.2578125,764.2578125
63500,448.0,311.3359375,759.3359375
63600,448.0,311.0703125,759.0703125
63700,448.0,319.46875,767.46875
63800,448.0,315.8515625,763.8515625
63900,448.0,320.3359375,768.3359375
64000,448.0,316.62890625,764.62890625
64100,448.0,319.3828125,767.3828125
64200,448.0,321.6640625,769.6640625
64300,448.0,312.92578125,760.92578125
64400,448.0,315.26171875,763.26171875
64500,448.0,314.140625,762.140625
64600,448.0,319.5,767.5
64700,448.0,321.296875,769.296875
64800,483.0,314.13671875,797.13671875
64900,483.0,315.546875,798.546875
65000,483.0,321.15625,804.15625
65100,483.0,317.484375,800.484375
65200,483.0,312.3515625,795.3515625
65300,483.0,309.1484375,792.1484375
65400,483.0,336.671875,819.671875
65500,483.0,342.359375,825.359375
65600,483.0,339.4609375,822.4609375
65700,483.0,341.6640625,824.6640625
65800,483.0,336.83984375,819.83984375
65900,483.0,340.919921875,823.919921875
66000,483.0,338.75,821.75
66100,483.0,338.81640625,821.81640625
66200,483.0,336.28515625,819.28515625
66300,483.0,334.861328125,817.861328125
66400,483.0,337.798828125,820.798828125
66500,483.0,340.740234375,823.740234375
66600,483.0,344.61328125,827.61328125
66700,483.0,372.0,855.0
66800,483.0,372.0,855.0
66900,483.0,372.0,855.0
67000,483.0,372.0,855.0
67100,483.0,372.0,855.0
67200,483.0,372.0,855.0
67300,483.0,372.0,855.0
67400,483.0,372.0,855.0
67500,483.0,372.0,855.0
67600,483.0,372.0,855.0
67700,483.0,372.0,855.0
67800,483.0,400.140625,883.140625
67900,483.0,397.40625,880.40625
68000,483.0,399.107421875,882.107421875
68100,483.0,400.0859375,883.0859375
68200,483.0,397.9765625,880.9765625
68300,483.0,397.4609375,880.4609375
68400,483.0,396.333984375,879.333984375
68500,483.0,399.65234375,882.65234375
68600,483.0,399.9765625,882.9765625
68700,483.0,402.0556640625,885.0556640625
68800,483.0,401.1103515625,884.1103515625
68900,483.0,401.376953125,884.376953125
69000,483.0,401.6982421875,884.6982421875
69100,483.0,401.9951171875,884.9951171875
69200,483.0,403.0302734375,886.0302734375
69300,483.0,403.66796875,886.66796875
69400,483.0,403.861328125,886.861328125
69500,483.0,403.8828125,886.8828125
69600,483.0,403.025390625,886.025390625
69700,483.0,402.1728515625,885.1728515625
69800,483.0,402.171875,885.171875
69900,483.0,401.11328125,884.11328125
70000,483.0,400.6240234375,883.6240234375
70100,483.0,400.16796875,883.16796875
70200,483.0,399.400390625,882.400390625
70300,483.0,400.6494140625,883.6494140625
70400,483.0,401.3291015625,884.3291015625
70500,483.0,402.1650390625,885.1650390625
70600,483.0,402.6845703125,885.6845703125
70700,483.0,403.1357421875,886.1357421875
70800,483.0,403.076171875,886.076171875
70900,483.0,405.2431640625,888.2431640625
71000,483.0,404.91015625,887.91015625
71100,483.0,404.6044921875,887.6044921875
71200,483.0,404.3134765625,887.3134765625
71300,483.0,403.68359375,886.68359375
71400,483.0,403.21875,886.21875
71500,483.0,401.8798828125,884.8798828125
71600,483.0,401.12109375,884.12109375
71700,483.0,400.4921875,883.4921875
71800,483.0,400.5439453125,883.5439453125
71900,483.0,400.9619140625,883.9619140625
72000,483.0,400.46875,883.46875
72100,483.0,400.6396484375,883.6396484375
72200,483.0,401.3505859375,884.3505859375
72300,483.0,401.00390625,884.00390625
72400,483.0,399.8955078125,882.8955078125
72500,483.0,400.013671875,883.013671875
72600,483.0,398.267578125,881.267578125
72700,483.0,397.58203125,880.58203125
72800,483.0,397.814453125,880.814453125
72900,483.0,397.8564453125,880.8564453125
73000,483.0,399.380859375,882.380859375
73100,483.0,399.234375,882.234375
73200,483.0,398.455078125,881.455078125
73300,483.0,398.5029296875,881.5029296875
73400,483.0,398.712890625,881.712890625
73500,483.0,398.7353515625,881.7353515625
73600,483.0,398.7978515625,881.7978515625
73700,483.0,397.583984375,880.583984375
73800,483.0,398.3466796875,881.3466796875
73900,483.0,398.9384765625,881.9384765625
74000,483.0,399.880859375,882.880859375
74100,483.0,397.5263671875,880.5263671875
74200,483.0,397.0888671875,880.0888671875
74300,483.0,396.80859375,879.80859375
74400,483.0,395.013671875,878.013671875
74500,483.0,395.1787109375,878.1787109375
74600,483.0,394.9609375,877.9609375
74700,483.0,395.6201171875,878.6201171875
74800,483.0,395.2109375,878.2109375
74900,483.0,396.2548828125,879.2548828125
75000,483.0,396.337890625,879.337890625
75100,483.0,409.611328125,892.611328125
75200,483.0,412.59375,895.59375
75300,483.0,409.31640625,892.31640625
75400,483.0,409.57421875,892.57421875
75500,483.0,409.94921875,892.94921875
75600,483.0,412.453125,895.453125
75700,483.0,423.6103515625,906.6103515625
75800,483.0,423.21875,906.21875
75900,483.0,424.103515625,907.103515625
76000,483.0,423.5302734375,906.5302734375
76100,483.0,424.2646484375,907.2646484375
76200,483.0,423.4794921875,906.4794921875
76300,483.0,424.0048828125,907.0048828125
76400,483.0,424.322265625,907.322265625
76500,483.0,423.857421875,906.857421875
76600,483.0,425.3369140625,908.3369140625
76700,483.0,425.146484375,908.146484375
76800,483.0,426.0322265625,909.0322265625
76900,483.0,425.396484375,908.396484375
77000,483.0,425.6943359375,908.6943359375
77100,483.0,425.611328125,908.611328125
77200,483.0,425.3671875,908.3671875
77300,483.0,426.716796875,909.716796875
77400,483.0,425.0244140625,908.0244140625
77500,483.0,424.0185546875,907.0185546875
77600,483.0,423.458984375,906.458984375
77700,483.0,424.4677734375,907.4677734375
77800,483.0,426.9501953125,909.9501953125
77900,483.0,428.2666015625,911.2666015625
78000,483.0,428.501953125,911.501953125
78100,483.0,432.38671875,915.38671875
78200,483.0,427.18359375,910.18359375
78300,483.0,430.8359375,913.8359375
78400,483.0,434.828125,917.828125
78500,483.0,431.4453125,914.4453125
78600,525.0,430.5546875,955.5546875
78700,525.0,433.81640625,958.81640625
78800,525.0,433.703125,958.703125
78900,525.0,431.80078125,956.80078125
79000,525.0,437.0546875,962.0546875
79100,525.0,431.19140625,956.19140625
79200,525.0,442.83984375,967.83984375
79300,525.0,446.3046875,971.3046875
79400,525.0,450.94921875,975.94921875
79500,525.0,449.796875,974.796875
79600,525.0,452.3984375,977.3984375
79700,525.0,441.7421875,966.7421875
79800,525.0,446.109375,971.109375
79900,525.0,449.390625,974.390625
80000,525.0,443.68359375,968.68359375
80100,525.0,443.5078125,968.5078125
80200,525.0,440.7578125,965.7578125
80300,525.0,449.078125,974.078125
80400,525.0,444.24609375,969.24609375
80500,525.0,447.8359375,972.8359375
80600,525.0,443.9375,968.9375
80700,525.0,449.94140625,974.94140625
80800,525.0,445.3359375,970.3359375
80900,525.0,440.859375,965.859375
81000,525.0,437.671875,962.671875
81100,525.0,440.5859375,965.5859375
81200,525.0,443.53125,968.53125
81300,525.0,437.828125,962.828125
81400,525.0,431.703125,956.703125
81500,525.0,425.0546875,950.0546875
81600,525.0,431.84375,956.84375
81700,525.0,423.03125,948.03125
81800,525.0,418.58203125,943.58203125
81900,525.0,417.4296875,942.4296875
82000,525.0,412.4375,937.4375
82100,525.0,404.5703125,929.5703125
82200,525.0,409.83984375,934.83984375
82300,525.0,413.7265625,938.7265625
82400,525.0,412.90625,937.90625
82500,525.0,414.015625,939.015625
82600,525.0,406.8359375,931.8359375
82700,525.0,401.1171875,926.1171875
82800,525.0,405.1171875,930.1171875
82900,525.0,402.34765625,927.34765625
83000,525.0,401.09375,926.09375
83100,525.0,398.1875,923.1875
83200,525.0,392.09765625,917.09765625
83300,525.0,391.4765625,916.4765625
83400,525.0,390.65234375,915.65234375
83500,525.0,391.859375,916.859375
83600,525.0,399.3125,924.3125
83700,525.0,417.58203125,942.58203125
83800,525.0,408.64453125,933.64453125
83900,525.0,409.203125,934.203125
84000,525.0,414.65625,939.65625
84100,525.0,411.15625,936.15625
84200,525.0,412.28125,937.28125
84300,525.0,406.6640625,931.6640625
84400,525.0,413.7890625,938.7890625
84500,525.0,410.46875,935.46875
84600,525.0,414.36328125,939.36328125
84700,525.0,413.04296875,938.04296875
84800,525.0,410.10546875,935.10546875
84900,525.0,407.2109375,932.2109375
85000,525.0,396.41015625,921.41015625
85100,525.0,388.8359375,913.8359375
85200,525.0,387.27734375,912.27734375
85300,525.0,388.53125,913.53125
85400,525.0,387.1328125,912.1328125
85500,525.0,404.5,929.5
85600,525.0,415.515625,940.515625
85700,525.0,407.0625,932.0625
85800,525.0,416.03125,941.03125
85900,525.0,404.0234375,929.0234375
86000,525.0,410.390625,935.390625
86100,525.0,407.9296875,932.9296875
86200,525.0,410.7890625,935.7890625
86300,525.0,408.4609375,933.4609375
86400,525.0,407.3046875,932.3046875
86500,525.0,395.4609375,920.4609375
86600,525.0,405.6953125,930.6953125
86700,525.0,399.78125,924.78125
86800,525.0,401.046875,926.046875
86900,525.0,404.1015625,929.1015625
87000,525.0,433.5,958.5
87100,525.0,416.9765625,941.9765625
87200,525.0,424.3359375,949.3359375
87300,525.0,438.4609375,963.4609375
87400,525.0,435.078125,960.078125
87500,525.0,446.015625,971.015625
87600,525.0,428.09375,953.09375
87700,525.0,431.7421875,956.7421875
87800,525.0,422.28125,947.28125
87900,525.0,418.21875,943.21875
88000,525.0,416.65625,941.65625
88100,525.0,406.265625,931.265625
88200,525.0,414.0859375,939.0859375
88300,525.0,409.828125,934.828125
88400,525.0,404.0625,929.0625
88500,525.0,411.328125,936.328125
88600,525.0,408.53125,933.53125
88700,525.0,416.71875,941.71875
88800,525.0,408.15625,933.15625
88900,525.0,404.296875,929.296875
89000,525.0,408.828125,933.828125
89100,525.0,406.9296875,931.9296875
89200,525.0,384.4609375,909.4609375
89300,525.0,385.875,910.875
89400,525.0,398.015625,923.015625
89500,525.0,394.453125,919.453125
89600,525.0,397.5078125,922.5078125
89700,553.0,393.96875,946.96875
89800,553.0,379.4375,932.4375
89900,553.0,370.94921875,923.94921875
90000,553.0,367.32421875,920.32421875
90100,553.0,364.9453125,917.9453125
90200,602.0,374.484375,976.484375
90300,602.0,374.375,976.375
90400,602.0,373.2578125,975.2578125
90500,602.0,370.859375,972.859375
90600,602.0,369.48828125,971.48828125
90700,602.0,368.75,970.75
90800,602.0,366.90625,968.90625
90900,602.0,370.9375,972.9375
91000,602.0,373.7734375,975.7734375
91100,602.0,385.4140625,987.4140625
91200,602.0,386.0859375,988.0859375
91300,602.0,373.37890625,975.37890625
91400,602.0,393.6875,995.6875
91500,602.0,393.373046875,995.373046875
91600,602.0,390.828125,992.828125
91700,602.0,396.76953125,998.76953125
91800,602.0,397.03125,999.03125
91900,602.0,400.13671875,1002.13671875
92000,602.0,397.439453125,999.439453125
92100,602.0,399.23046875,1001.23046875
92200,602.0,398.9765625,1000.9765625
92300,602.0,392.85546875,994.85546875
92400,602.0,394.04296875,996.04296875
92500,602.0,396.177734375,998.177734375
92600,602.0,394.275390625,996.275390625
92700,602.0,396.333984375,998.333984375
92800,602.0,396.19921875,998.19921875
92900,602.0,395.212890625,997.212890625
93000,602.0,396.6328125,998.6328125
93100,602.0,395.05078125,997.05078125
93200,602.0,395.513671875,997.513671875
93300,602.0,392.611328125,994.611328125
93400,637.0,392.90625,1029.90625
93500,637.0,391.98828125,1028.98828125
93600,637.0,387.64453125,1024.64453125
93700,637.0,386.498046875,1023.498046875
93800,637.0,386.68359375,1023.68359375
93900,637.0,387.12109375,1024.12109375
94000,637.0,384.791015625,1021.791015625
94100,637.0,386.69921875,1023.69921875
94200,637.0,391.91015625,1028.91015625
94300,637.0,392.09375,1029.09375
94400,637.0,390.62890625,1027.62890625
94500,637.0,391.79296875,1028.79296875
94600,637.0,396.666015625,1033.666015625
94700,637.0,398.345703125,1035.345703125
94800,637.0,403.451171875,1040.451171875
94900,637.0,402.00390625,1039.00390625
95000,637.0,407.546875,1044.546875
95100,637.0,409.544921875,1046.544921875
95200,637.0,407.388671875,1044.388671875
95300,637.0,409.93359375,1046.93359375
95400,637.0,411.60546875,1048.60546875
95500,637.0,410.796875,1047.796875
95600,637.0,412.38671875,1049.38671875
95700,637.0,413.40380859375,1050.40380859375
95800,637.0,413.705078125,1050.705078125
95900,637.0,412.87451171875,1049.87451171875
96000,637.0,413.85302734375,1050.85302734375
96100,637.0,413.9931640625,1050.9931640625
96200,637.0,437.375,1074.375
96300,637.0,436.68359375,1073.68359375
96400,637.0,436.220703125,1073.220703125
96500,637.0,458.0546875,1095.0546875
96600,637.0,455.88671875,1092.88671875
96700,672.0,457.9609375,1129.9609375
96800,672.0,451.953125,1123.953125
96900,672.0,448.5859375,1120.5859375
97000,672.0,448.515625,1120.515625
97100,672.0,448.4296875,1120.4296875
97200,672.0,449.078125,1121.078125
97300,672.0,449.546875,1121.546875
97400,672.0,449.94140625,1121.94140625
97500,672.0,447.9921875,1119.9921875
97600,672.0,446.4453125,1118.4453125
97700,672.0,449.07421875,1121.07421875
97800,672.0,447.55078125,1119.55078125
97900,672.0,451.1640625,1123.1640625
98000,672.0,455.66796875,1127.66796875
98100,672.0,449.40625,1121.40625
98200,672.0,457.0390625,1129.0390625
98300,672.0,452.359375,1124.359375
98400,672.0,454.484375,1126.484375
98500,672.0,448.609375,1120.609375
98600,672.0,444.7421875,1116.7421875
98700,672.0,439.5,1111.5
98800,672.0,432.6015625,1104.6015625
98900,672.0,436.9609375,1108.9609375
99000,672.0,435.98828125,1107.98828125
99100,672.0,431.35546875,1103.35546875
99200,672.0,430.43359375,1102.43359375
99300,672.0,424.703125,1096.703125
99400,672.0,425.0,1097.0
99500,672.0,425.65234375,1097.65234375
99600,672.0,430.09375,1102.09375
99700,672.0,431.59375,1103.59375
99800,672.0,434.8359375,1106.8359375
99900,672.0,439.31640625,1111.31640625
100000,672.0,445.671875,1117.671875
100100,672.0,447.89453125,1119.89453125
100200,672.0,453.703125,1125.703125
100300,672.0,451.109375,1123.109375
100400,672.0,441.1875,1113.1875
100500,672.0,440.5546875,1112.5546875
100600,672.0,442.8515625,1114.8515625
100700,672.0,446.109375,1118.109375
100800,672.0,445.74609375,1117.74609375
100900,672.0,443.0859375,1115.0859375
101000,672.0,435.35546875,1107.35546875
101100,672.0,429.27734375,1101.27734375
101200,672.0,431.23046875,1103.23046875
101300,672.0,425.29296875,1097.29296875
101400,672.0,426.7109375,1098.7109375
101500,672.0,445.77001953125,1117.77001953125
101600,672.0,446.82275390625,1118.82275390625
101700,672.0,446.92041015625,1118.92041015625
101800,672.0,465.29296875,1137.29296875
101900,672.0,465.326171875,1137.326171875
102000,672.0,466.037109375,1138.037109375
102100,672.0,465.7158203125,1137.7158203125
102200,672.0,465.24609375,1137.24609375
102300,672.0,463.1708984375,1135.1708984375
102400,672.0,463.0068359375,1135.0068359375
102500,672.0,462.7744140625,1134.7744140625
102600,672.0,463.818359375,1135.818359375
102700,672.0,462.388671875,1134.388671875
102800,672.0,463.623046875,1135.623046875
102900,672.0,465.126953125,1137.126953125
103000,672.0,465.9638671875,1137.9638671875
103100,672.0,466.787109375,1138.787109375
103200,672.0,467.662109375,1139.662109375
103300,672.0,467.6591796875,1139.6591796875
103400,672.0,467.259765625,1139.259765625
103500,672.0,466.8984375,1138.8984375
103600,672.0,466.703125,1138.703125
103700,672.0,467.0087890625,1139.0087890625
103800,672.0,465.154296875,1137.154296875
103900,672.0,465.8193359375,1137.8193359375
104000,672.0,465.01171875,1137.01171875
104100,700.0,465.6669921875,1165.6669921875
104200,700.0,465.8154296875,1165.8154296875
104300,700.0,466.470703125,1166.470703125
104400,700.0,465.767578125,1165.767578125
104500,700.0,465.7626953125,1165.7626953125
104600,700.0,465.4775390625,1165.4775390625
104700,700.0,465.3115234375,1165.3115234375
104800,700.0,466.51953125,1166.51953125
104900,700.0,467.4912109375,1167.4912109375
105000,700.0,466.5283203125,1166.5283203125
105100,700.0,466.474609375,1166.474609375
105200,700.0,465.99609375,1165.99609375
105300,700.0,464.5888671875,1164.5888671875
105400,700.0,463.9580078125,1163.9580078125
105500,700.0,464.89453125,1164.89453125
105600,700.0,464.291015625,1164.291015625
105700,700.0,462.611328125,1162.611328125
105800,700.0,475.0,1175.0
105900,700.0,475.0,1175.0
106000,700.0,475.0,1175.0
106100,700.0,475.0,1175.0
106200,700.0,475.0,1175.0
106300,700.0,475.0,1175.0
106400,700.0,475.0,1175.0
106500,700.0,475.0,1175.0
106600,700.0,475.0,1175.0
106700,700.0,475.0,1175.0
106800,700.0,475.0,1175.0
106900,700.0,475.0,1175.0
107000,700.0,475.0,1175.0
107100,700.0,475.0,1175.0
107200,700.0,496.705078125,1196.705078125
107300,700.0,493.5390625,1193.5390625
107400,700.0,492.92578125,1192.92578125
107500,700.0,494.26171875,1194.26171875
107600,700.0,492.19140625,1192.19140625
107700,700.0,493.1640625,1193.1640625
107800,700.0,492.6796875,1192.6796875
107900,700.0,493.515625,1193.515625
108000,700.0,495.564453125,1195.564453125
108100,700.0,516.09765625,1216.09765625
108200,700.0,515.37109375,1215.37109375
108300,700.0,518.484375,1218.484375
108400,700.0,536.4921875,1236.4921875
108500,700.0,550.234375,1250.234375
108600,700.0,554.09375,1254.09375
108700,700.0,554.05859375,1254.05859375
108800,700.0,540.22265625,1240.22265625
108900,700.0,543.4609375,1243.4609375
109000,700.0,551.9609375,1251.9609375
109100,700.0,547.30078125,1247.30078125
109200,700.0,548.71484375,1248.71484375
109300,700.0,553.6171875,1253.6171875
109400,700.0,564.3359375,1264.3359375
109500,700.0,569.47265625,1269.47265625
109600,700.0,571.0,1271.0
109700,700.0,569.4609375,1269.4609375
109800,700.0,577.8046875,1277.8046875
109900,700.0,588.59765625,1288.59765625
110000,700.0,599.71875,1299.71875
110100,700.0,599.30859375,1299.30859375
110200,700.0,594.98046875,1294.98046875
110300,700.0,595.703125,1295.703125
110400,700.0,604.0234375,1304.0234375
110500,700.0,606.73046875,1306.73046875
110600,700.0,604.6796875,1304.6796875
110700,700.0,627.08203125,1327.08203125
110800,700.0,626.859375,1326.859375
110900,700.0,624.73046875,1324.73046875
111000,700.0,622.0625,1322.0625
111100,700.0,618.875,1318.875
111200,700.0,629.1015625,1329.1015625
111300,700.0,629.7265625,1329.7265625
111400,700.0,623.3046875,1323.3046875
111500,700.0,627.24609375,1327.24609375
111600,700.0,626.89453125,1326.89453125
111700,700.0,641.591796875,1341.591796875
111800,700.0,636.173828125,1336.173828125
111900,700.0,637.19921875,1337.19921875
112000,700.0,635.62109375,1335.62109375
112100,700.0,636.421875,1336.421875
112200,700.0,637.10546875,1337.10546875
112300,700.0,640.7890625,1340.7890625
112400,700.0,633.921875,1333.921875
112500,700.0,635.607421875,1335.607421875
112600,700.0,636.779296875,1336.779296875
112700,700.0,636.728515625,1336.728515625
112800,700.0,635.673828125,1335.673828125
112900,700.0,639.638671875,1339.638671875
113000,700.0,636.650390625,1336.650390625
113100,700.0,635.2734375,1335.2734375
113200,700.0,640.24609375,1340.24609375
113300,700.0,642.85546875,1342.85546875
113400,700.0,643.99609375,1343.99609375
113500,700.0,643.646484375,1343.646484375
113600,700.0,642.580078125,1342.580078125
113700,700.0,640.236328125,1340.236328125
113800,700.0,638.97265625,1338.97265625
113900,700.0,643.1640625,1343.1640625
114000,700.0,645.9765625,1345.9765625
114100,700.0,647.125,1347.125
114200,700.0,640.373046875,1340.373046875
114300,700.0,638.978515625,1338.978515625
114400,700.0,635.83203125,1335.83203125
114500,700.0,636.087890625,1336.087890625
114600,700.0,631.90625,1331.90625
114700,700.0,635.556640625,1335.556640625
114800,700.0,637.296875,1337.296875
114900,700.0,636.72265625,1336.72265625
115000,700.0,636.193359375,1336.193359375
115100,700.0,638.9140625,1338.9140625
115200,700.0,643.8203125,1343.8203125
115300,700.0,640.2109375,1340.2109375
115400,700.0,639.64453125,1339.64453125
115500,700.0,640.21484375,1340.21484375
115600,700.0,642.1640625,1342.1640625
115700,700.0,642.392578125,1342.392578125
115800,700.0,641.408203125,1341.408203125
115900,700.0,641.578125,1341.578125
116000,700.0,641.6796875,1341.6796875
116100,700.0,642.568359375,1342.568359375
116200,700.0,647.318359375,1347.318359375
116300,700.0,649.5234375,1349.5234375
116400,700.0,649.720703125,1349.720703125
116500,700.0,650.498046875,1350.498046875
116600,700.0,644.33984375,1344.33984375
116700,700.0,644.748046875,1344.748046875
116800,700.0,656.1552734375,1356.1552734375
116900,700.0,656.3974609375,1356.3974609375
117000,700.0,656.615234375,1356.615234375
117100,700.0,657.548828125,1357.548828125
117200,700.0,659.267578125,1359.267578125
117300,700.0,660.67578125,1360.67578125
117400,700.0,661.5654296875,1361.5654296875
117500,700.0,661.3095703125,1361.3095703125
117600,700.0,659.423828125,1359.423828125
117700,700.0,660.7841796875,1360.7841796875
117800,735.0,660.962890625,1395.962890625
117900,735.0,660.8115234375,1395.8115234375
118000,735.0,660.267578125,1395.267578125
118100,735.0,660.951171875,1395.951171875
118200,735.0,659.96875,1394.96875
118300,735.0,658.5966796875,1393.5966796875
118400,735.0,657.8359375,1392.8359375
118500,735.0,656.1494140625,1391.1494140625
118600,735.0,656.4072265625,1391.4072265625
118700,735.0,657.2529296875,1392.2529296875
118800,735.0,657.6474609375,1392.6474609375
118900,735.0,660.1044921875,1395.1044921875
119000,735.0,672.21875,1407.21875
119100,735.0,668.828125,1403.828125
119200,735.0,664.1875,1399.1875
119300,735.0,663.25390625,1398.25390625
119400,735.0,663.078125,1398.078125
119500,735.0,656.95703125,1391.95703125
119600,735.0,661.67578125,1396.67578125
119700,735.0,661.40625,1396.40625
119800,735.0,666.46484375,1401.46484375
119900,735.0,670.9609375,1405.9609375
120000,735.0,670.9765625,1405.9765625
120100,735.0,670.4375,1405.4375
120200,735.0,671.71875,1406.71875
120300,735.0,672.9140625,1407.9140625
120400,735.0,669.26953125,1404.26953125
120500,735.0,666.046875,1401.046875
120600,735.0,661.796875,1396.796875
120700,735.0,661.3125,1396.3125
120800,735.0,663.0,1398.0
120900,735.0,679.12890625,1414.12890625
121000,735.0,677.326171875,1412.326171875
121100,735.0,681.94140625,1416.94140625
121200,735.0,681.228515625,1416.228515625
121300,735.0,683.244140625,1418.244140625
121400,735.0,684.5703125,1419.5703125
121500,735.0,679.84765625,1414.84765625
121600,735.0,681.486328125,1416.486328125
121700,735.0,680.74609375,1415.74609375
121800,735.0,680.9140625,1415.9140625
121900,735.0,678.421875,1413.421875
122000,735.0,681.1328125,1416.1328125
122100,735.0,682.19921875,1417.19921875
122200,735.0,682.294921875,1417.294921875
122300,735.0,678.34765625,1413.34765625
122400,735.0,677.01953125,1412.01953125
122500,735.0,676.1640625,1411.1640625
122600,735.0,671.6953125,1406.6953125
122700,735.0,673.40234375,1408.40234375
122800,735.0,673.5234375,1408.5234375
122900,735.0,672.48046875,1407.48046875
123000,735.0,697.43359375,1432.43359375
123100,735.0,696.984375,1431.984375
123200,735.0,693.3984375,1428.3984375
123300,735.0,685.83984375,1420.83984375
123400,735.0,685.421875,1420.421875
123500,735.0,680.33203125,1415.33203125
123600,735.0,679.6796875,1414.6796875
123700,735.0,671.8046875,1406.8046875
123800,735.0,675.0546875,1410.0546875
123900,735.0,677.28125,1412.28125
124000,735.0,675.109375,1410.109375
124100,735.0,682.0859375,1417.0859375
124200,735.0,670.77734375,1405.77734375
124300,735.0,668.7890625,1403.7890625
124400,735.0,681.0,1416.0
124500,735.0,681.0,1416.0
124600,735.0,681.0,1416.0
124700,735.0,681.0,1416.0
124800,735.0,681.0,1416.0
124900,735.0,688.75,1423.75
125000,735.0,685.67578125,1420.67578125
125100,735.0,682.1875,1417.1875
125200,735.0,680.0703125,1415.0703125
125300,735.0,682.9677734375,1417.9677734375
125400,735.0,682.9677734375,1417.9677734375
125500,735.0,683.2978515625,1418.2978515625
125600,735.0,682.60546875,1417.60546875
125700,735.0,681.9892578125,1416.9892578125
125800,735.0,683.1162109375,1418.1162109375
125900,735.0,684.001953125,1419.001953125
126000,735.0,683.650390625,1418.650390625
126100,735.0,682.6318359375,1417.6318359375
126200,735.0,682.9765625,1417.9765625
126300,735.0,683.400390625,1418.400390625
126400,735.0,681.3095703125,1416.3095703125
126500,735.0,679.7451171875,1414.7451171875
126600,735.0,680.9921875,1415.9921875
126700,735.0,680.703125,1415.703125
126800,735.0,680.6923828125,1415.6923828125
126900,735.0,680.119140625,1415.119140625
127000,735.0,680.9404296875,1415.9404296875
127100,735.0,681.9052734375,1416.9052734375
127200,735.0,682.6220703125,1417.6220703125
127300,735.0,682.8935546875,1417.8935546875
127400,735.0,684.4482421875,1419.4482421875
127500,735.0,682.4853515625,1417.4853515625
127600,735.0,683.7548828125,1418.7548828125
127700,735.0,683.236328125,1418.236328125
127800,735.0,682.990234375,1417.990234375
127900,735.0,682.931640625,1417.931640625
128000,735.0,682.84375,1417.84375
128100,735.0,686.0234375,1421.0234375
128200,735.0,683.59765625,1418.59765625
128300,735.0,684.53125,1419.53125
128400,735.0,680.8828125,1415.8828125
128500,735.0,680.515625,1415.515625
128600,735.0,678.734375,1413.734375
128700,735.0,676.01953125,1411.01953125
128800,735.0,688.69140625,1423.69140625
128900,735.0,689.73046875,1424.73046875
129000,735.0,690.8203125,1425.8203125
129100,735.0,684.5703125,1419.5703125
129200,735.0,686.9609375,1421.9609375
129300,735.0,692.55859375,1427.55859375
129400,735.0,697.40234375,1432.40234375
129500,735.0,700.1328125,1435.1328125
129600,735.0,696.42578125,1431.42578125
129700,735.0,692.5078125,1427.5078125
129800,735.0,687.80859375,1422.80859375
129900,735.0,690.7890625,1425.7890625
130000,735.0,690.08984375,1425.08984375
130100,735.0,697.275390625,1432.275390625
130200,735.0,715.1328125,1450.1328125
130300,735.0,720.40625,1455.40625
130400,735.0,730.046875,1465.046875
130500,735.0,724.8046875,1459.8046875
130600,735.0,730.328125,1465.328125
130700,735.0,728.33203125,1463.33203125
130800,735.0,730.00390625,1465.00390625
130900,735.0,728.56640625,1463.56640625
131000,735.0,726.1796875,1461.1796875
131100,735.0,729.59375,1464.59375
131200,735.0,731.69921875,1466.69921875
131300,735.0,728.83984375,1463.83984375
131400,735.0,727.328125,1462.328125
131500,735.0,720.671875,1455.671875
131600,735.0,711.48828125,1446.48828125
131700,735.0,721.71875,1456.71875
131800,735.0,716.1484375,1451.1484375
131900,735.0,718.703125,1453.703125
132000,735.0,717.20703125,1452.20703125
132100,735.0,716.20703125,1451.20703125
132200,735.0,712.171875,1447.171875
132300,735.0,709.3671875,1444.3671875
132400,735.0,703.75390625,1438.75390625
132500,735.0,704.53515625,1439.53515625
132600,735.0,712.3828125,1447.3828125
132700,735.0,706.4375,1441.4375
132800,735.0,699.88671875,1434.88671875
132900,735.0,705.83203125,1440.83203125
133000,735.0,701.53125,1436.53125
133100,735.0,698.30859375,1433.30859375
133200,735.0,705.22265625,1440.22265625
133300,735.0,704.703125,1439.703125
133400,735.0,704.9140625,1439.9140625
133500,735.0,703.90234375,1438.90234375
133600,735.0,698.68359375,1433.68359375
133700,735.0,704.5,1439.5
133800,735.0,702.35546875,1437.35546875
133900,735.0,705.40625,1440.40625
134000,735.0,708.48828125,1443.48828125
134100,735.0,706.92578125,1441.92578125
134200,735.0,711.65625,1446.65625
134300,735.0,714.23828125,1449.23828125
134400,735.0,716.51953125,1451.51953125
134500,735.0,717.234375,1452.234375
134600,735.0,713.3046875,1448.3046875
134700,735.0,713.87109375,1448.87109375
134800,735.0,718.66796875,1453.66796875
134900,735.0,722.65625,1457.65625
135000,735.0,745.4609375,1480.4609375
135100,735.0,747.43359375,1482.43359375
135200,735.0,744.37109375,1479.37109375
135300,735.0,745.033203125,1480.033203125
135400,735.0,746.330078125,1481.330078125
135500,735.0,744.40625,1479.40625
135600,735.0,744.525390625,1479.525390625
135700,735.0,746.84375,1481.84375
135800,735.0,745.37109375,1480.37109375
135900,735.0,758.205078125,1493.205078125
136000,735.0,760.97265625,1495.97265625
136100,735.0,762.931640625,1497.931640625
136200,735.0,764.158203125,1499.158203125
136300,735.0,765.79296875,1500.79296875
136400,735.0,764.93359375,1499.93359375
136500,735.0,760.7109375,1495.7109375
136600,735.0,762.611328125,1497.611328125
136700,735.0,757.880859375,1492.880859375
136800,735.0,758.537109375,1493.537109375
136900,735.0,758.533203125,1493.533203125
137000,735.0,759.671875,1494.671875
137100,735.0,759.767578125,1494.767578125
137200,735.0,762.52734375,1497.52734375
137300,735.0,763.833984375,1498.833984375
137400,735.0,765.84375,1500.84375
137500,735.0,765.439453125,1500.439453125
137600,735.0,764.111328125,1499.111328125
137700,735.0,764.216796875,1499.216796875
137800,735.0,766.23828125,1501.23828125
137900,735.0,768.603515625,1503.603515625
138000,735.0,768.50390625,1503.50390625
138100,735.0,765.533203125,1500.533203125
138200,735.0,763.5625,1498.5625
138300,735.0,764.978515625,1499.978515625
138400,735.0,768.587890625,1503.587890625
138500,735.0,766.78125,1501.78125
138600,735.0,764.72265625,1499.72265625
138700,735.0,764.37890625,1499.37890625
138800,735.0,764.78515625,1499.78515625
138900,735.0,763.45703125,1498.45703125
139000,735.0,765.216796875,1500.216796875
139100,735.0,763.734375,1498.734375
139200,735.0,763.0,1498.0
139300,735.0,763.353515625,1498.353515625
139400,735.0,762.94921875,1497.94921875
139500,735.0,763.37109375,1498.37109375
139600,735.0,780.10546875,1515.10546875
139700,735.0,780.42919921875,1515.42919921875
139800,735.0,780.42333984375,1515.42333984375
139900,735.0,779.89111328125,1514.89111328125
140000,735.0,779.52197265625,1514.52197265625
140100,735.0,779.3837890625,1514.3837890625
140200,735.0,778.66015625,1513.66015625
140300,735.0,778.15576171875,1513.15576171875
140400,735.0,777.94482421875,1512.94482421875
140500,735.0,778.28515625,1513.28515625
140600,735.0,778.865234375,1513.865234375
140700,735.0,779.37841796875,1514.37841796875
140800,735.0,779.4150390625,1514.4150390625
140900,735.0,780.9677734375,1515.9677734375
141000,735.0,781.47802734375,1516.47802734375
141100,735.0,780.88720703125,1515.88720703125
141200,735.0,781.41552734375,1516.41552734375
141300,735.0,781.81103515625,1516.81103515625
141400,735.0,782.0107421875,1517.0107421875
141500,735.0,781.70751953125,1516.70751953125
141600,735.0,781.48388671875,1516.48388671875
141700,735.0,782.00537109375,1517.00537109375
141800,735.0,782.03662109375,1517.03662109375
141900,735.0,781.26318359375,1516.26318359375
142000,735.0,780.4716796875,1515.4716796875
142100,735.0,779.47705078125,1514.47705078125
142200,735.0,779.60009765625,1514.60009765625
142300,735.0,780.23779296875,1515.23779296875
142400,756.0,780.259765625,1536.259765625
142500,756.0,780.19287109375,1536.19287109375
142600,756.0,780.60107421875,1536.60107421875
142700,756.0,780.54296875,1536.54296875
142800,756.0,780.173828125,1536.173828125
142900,756.0,779.39892578125,1535.39892578125
143000,756.0,779.5908203125,1535.5908203125
143100,756.0,778.96923828125,1534.96923828125
143200,756.0,778.5693359375,1534.5693359375
143300,756.0,778.48486328125,1534.48486328125
143400,756.0,778.4013671875,1534.4013671875
143500,756.0,778.40673828125,1534.40673828125
143600,756.0,778.384765625,1534.384765625
143700,756.0,778.25048828125,1534.25048828125
143800,756.0,796.265625,1552.265625
143900,756.0,795.333984375,1551.333984375
144000,756.0,796.767578125,1552.767578125
144100,756.0,796.03125,1552.03125
144200,756.0,793.7333984375,1549.7333984375
144300,756.0,792.9404296875,1548.9404296875
144400,756.0,793.560546875,1549.560546875
144500,756.0,794.5263671875,1550.5263671875
144600,756.0,796.2373046875,1552.2373046875
144700,756.0,795.0576171875,1551.0576171875
144800,756.0,794.06640625,1550.06640625
144900,756.0,795.62890625,1551.62890625
145000,756.0,794.259765625,1550.259765625
145100,756.0,795.8212890625,1551.8212890625
145200,756.0,794.8828125,1550.8828125
145300,756.0,795.28515625,1551.28515625
145400,756.0,795.6455078125,1551.6455078125
145500,756.0,795.0673828125,1551.0673828125
145600,756.0,793.953125,1549.953125
145700,756.0,793.8037109375,1549.8037109375
145800,756.0,795.1025390625,1551.1025390625
145900,756.0,794.9306640625,1550.9306640625
146000,756.0,795.369140625,1551.369140625
146100,756.0,794.50390625,1550.50390625
146200,756.0,795.7158203125,1551.7158203125
146300,756.0,796.60546875,1552.60546875
146400,756.0,795.9267578125,1551.9267578125
146500,756.0,795.6025390625,1551.6025390625
146600,756.0,796.8857421875,1552.8857421875
146700,756.0,796.125,1552.125
146800,756.0,796.1787109375,1552.1787109375
146900,756.0,796.54296875,1552.54296875
147000,756.0,796.7060546875,1552.7060546875
147100,756.0,796.857421875,1552.857421875
147200,756.0,796.65625,1552.65625
147300,756.0,795.3994140625,1551.3994140625
147400,756.0,795.8876953125,1551.8876953125
147500,756.0,795.8662109375,1551.8662109375
147600,798.0,797.3125,1595.3125
147700,798.0,795.7724609375,1593.7724609375
147800,798.0,797.0322265625,1595.0322265625
147900,798.0,797.5791015625,1595.5791015625
148000,798.0,796.845703125,1594.845703125
148100,798.0,797.7275390625,1595.7275390625
148200,798.0,797.107421875,1595.107421875
148300,833.0,795.89453125,1628.89453125
148400,833.0,796.8701171875,1629.8701171875
148500,833.0,796.279296875,1629.279296875
148600,833.0,796.830078125,1629.830078125
148700,833.0,797.646484375,1630.646484375
148800,833.0,796.7138671875,1629.7138671875
148900,833.0,796.5302734375,1629.5302734375
149000,833.0,794.7490234375,1627.7490234375
149100,833.0,794.662109375,1627.662109375
149200,833.0,795.9423828125,1628.9423828125
149300,833.0,798.7451171875,1631.7451171875
149400,833.0,798.2890625,1631.2890625
149500,833.0,798.7490234375,1631.7490234375
149600,833.0,798.66796875,1631.66796875
149700,833.0,799.4541015625,1632.4541015625
149800,833.0,804.9208984375,1637.9208984375
149900,833.0,805.875,1638.875
150000,882.0,805.3046875,1687.3046875
150100,882.0,804.0126953125,1686.0126953125
150200,882.0,802.8056640625,1684.8056640625
150300,882.0,803.140625,1685.140625
150400,882.0,802.1025390625,1684.1025390625
150500,882.0,802.8759765625,1684.8759765625
150600,882.0,803.857421875,1685.857421875
150700,882.0,802.662109375,1684.662109375
150800,882.0,803.884765625,1685.884765625
150900,882.0,804.888671875,1686.888671875
151000,882.0,804.4521484375,1686.4521484375
151100,882.0,804.796875,1686.796875
151200,882.0,805.970703125,1687.970703125
151300,882.0,804.642578125,1686.642578125
151400,882.0,806.12890625,1688.12890625
151500,882.0,806.611328125,1688.611328125
151600,882.0,804.986328125,1686.986328125
151700,882.0,806.4091796875,1688.4091796875
151800,882.0,806.291015625,1688.291015625
151900,882.0,805.1142578125,1687.1142578125
152000,882.0,805.154296875,1687.154296875
152100,882.0,802.8515625,1684.8515625
152200,882.0,803.1044921875,1685.1044921875
152300,882.0,803.62890625,1685.62890625
152400,882.0,804.9296875,1686.9296875
152500,882.0,806.455078125,1688.455078125
152600,882.0,808.978515625,1690.978515625
152700,882.0,807.9453125,1689.9453125
152800,882.0,805.5595703125,1687.5595703125
152900,882.0,802.751953125,1684.751953125
153000,882.0,803.5498046875,1685.5498046875
153100,882.0,804.3359375,1686.3359375
153200,882.0,802.025390625,1684.025390625
153300,882.0,802.724609375,1684.724609375
153400,882.0,801.4580078125,1683.4580078125
153500,882.0,801.888671875,1683.888671875
153600,882.0,801.322265625,1683.322265625
153700,882.0,812.279296875,1694.279296875
153800,882.0,808.62109375,1690.62109375
153900,882.0,809.765625,1691.765625
154000,882.0,809.78515625,1691.78515625
154100,882.0,809.2578125,1691.2578125
154200,882.0,812.0625,1694.0625
154300,882.0,816.2890625,1698.2890625
154400,882.0,818.15625,1700.15625
154500,882.0,823.0,1705.0
154600,882.0,822.857421875,1704.857421875
154700,882.0,823.423828125,1705.423828125
154800,882.0,826.609375,1708.609375
154900,882.0,825.8125,1707.8125
155000,882.0,828.1484375,1710.1484375
155100,882.0,827.796875,1709.796875
155200,882.0,828.919921875,1710.919921875
155300,882.0,828.982421875,1710.982421875
155400,882.0,828.59375,1710.59375
155500,882.0,831.595703125,1713.595703125
155600,882.0,828.4609375,1710.4609375
155700,882.0,828.77734375,1710.77734375
155800,882.0,826.55078125,1708.55078125
155900,882.0,854.0,1736.0
156000,882.0,881.44921875,1763.44921875
156100,882.0,884.59375,1766.59375
156200,882.0,885.572265625,1767.572265625
156300,882.0,883.1171875,1765.1171875
156400,882.0,881.171875,1763.171875
156500,882.0,880.45703125,1762.45703125
156600,882.0,878.703125,1760.703125
156700,882.0,881.998046875,1763.998046875
156800,882.0,877.0234375,1759.0234375
156900,882.0,903.76171875,1785.76171875
157000,882.0,905.40625,1787.40625
157100,882.0,898.60546875,1780.60546875
157200,882.0,898.98046875,1780.98046875
157300,882.0,899.265625,1781.265625
157400,882.0,901.2734375,1783.2734375
157500,882.0,901.66796875,1783.66796875
157600,882.0,894.7109375,1776.7109375
157700,882.0,891.734375,1773.734375
157800,882.0,890.03515625,1772.03515625
157900,882.0,890.830078125,1772.830078125
158000,882.0,885.6328125,1767.6328125
158100,882.0,883.95703125,1765.95703125
158200,882.0,888.82666015625,1770.82666015625
158300,882.0,889.21728515625,1771.21728515625
158400,882.0,889.7275390625,1771.7275390625
158500,903.0,891.79150390625,1794.79150390625
158600,903.0,891.87060546875,1794.87060546875
158700,903.0,892.017578125,1795.017578125
158800,903.0,892.578125,1795.578125
158900,903.0,893.07861328125,1796.07861328125
159000,903.0,892.294921875,1795.294921875
159100,903.0,892.26416015625,1795.26416015625
159200,903.0,891.671875,1794.671875
159300,903.0,891.45556640625,1794.45556640625
159400,903.0,892.115234375,1795.115234375
159500,903.0,892.37255859375,1795.37255859375
159600,903.0,892.5458984375,1795.5458984375
159700,903.0,892.40966796875,1795.40966796875
159800,903.0,892.8173828125,1795.8173828125
159900,903.0,891.77783203125,1794.77783203125
160000,903.0,892.1201171875,1795.1201171875
160100,903.0,892.521484375,1795.521484375
160200,903.0,891.45068359375,1794.45068359375
160300,903.0,890.884765625,1793.884765625
160400,903.0,901.841796875,1804.841796875
160500,903.0,902.267578125,1805.267578125
160600,903.0,904.64453125,1807.64453125
160700,903.0,905.1064453125,1808.1064453125
160800,903.0,907.0546875,1810.0546875
160900,903.0,908.169921875,1811.169921875
161000,903.0,908.2421875,1811.2421875
161100,903.0,906.486328125,1809.486328125
161200,903.0,907.291015625,1810.291015625
161300,903.0,907.162109375,1810.162109375
161400,903.0,907.330078125,1810.330078125
161500,903.0,907.5966796875,1810.5966796875
161600,903.0,938.04296875,1841.04296875
161700,903.0,955.43359375,1858.43359375
161800,903.0,953.28125,1856.28125
161900,903.0,949.341796875,1852.341796875
162000,903.0,950.81640625,1853.81640625
162100,903.0,948.802734375,1851.802734375
162200,903.0,951.451171875,1854.451171875
162300,903.0,954.12890625,1857.12890625
162400,903.0,955.3203125,1858.3203125
162500,903.0,955.5,1858.5
162600,903.0,956.015625,1859.015625
162700,903.0,957.94140625,1860.94140625
162800,903.0,954.3984375,1857.3984375
162900,903.0,957.275390625,1860.275390625
163000,903.0,956.0859375,1859.0859375
163100,931.0,951.0,1882.0
163200,931.0,951.0,1882.0
163300,931.0,951.0,1882.0
163400,931.0,951.0,1882.0
163500,931.0,951.0,1882.0
163600,931.0,951.0,1882.0
163700,931.0,951.0,1882.0
163800,931.0,951.0,1882.0
163900,931.0,951.0,1882.0
164000,931.0,951.0,1882.0
164100,931.0,951.0,1882.0
164200,931.0,962.779296875,1893.779296875
164300,931.0,959.91015625,1890.91015625
164400,931.0,962.236328125,1893.236328125
164500,931.0,962.39453125,1893.39453125
164600,931.0,963.14453125,1894.14453125
164700,931.0,961.7431640625,1892.7431640625
164800,931.0,960.734375,1891.734375
164900,931.0,959.57421875,1890.57421875
165000,931.0,959.12890625,1890.12890625
165100,931.0,958.97265625,1889.97265625
165200,931.0,959.3486328125,1890.3486328125
165300,931.0,983.99609375,1914.99609375
165400,931.0,1006.99609375,1937.99609375
165500,931.0,1000.28125,1931.28125
165600,931.0,1010.1328125,1941.1328125
165700,931.0,1015.39453125,1946.39453125
165800,931.0,1026.80859375,1957.80859375
165900,931.0,1031.64453125,1962.64453125
166000,931.0,1031.25,1962.25
166100,931.0,1033.4140625,1964.4140625
166200,931.0,1026.86328125,1957.86328125
166300,931.0,1024.8515625,1955.8515625
166400,931.0,1036.30859375,1967.30859375
166500,931.0,1027.421875,1958.421875
166600,931.0,1034.48828125,1965.48828125
166700,931.0,1036.9375,1967.9375
166800,931.0,1041.234375,1972.234375
166900,931.0,1047.2734375,1978.2734375
167000,931.0,1046.078125,1977.078125
167100,931.0,1053.3984375,1984.3984375
167200,931.0,1052.53515625,1983.53515625
167300,931.0,1055.6640625,1986.6640625
167400,931.0,1058.953125,1989.953125
167500,931.0,1061.5546875,1992.5546875
167600,931.0,1057.88671875,1988.88671875
167700,931.0,1049.88671875,1980.88671875
167800,931.0,1038.875,1969.875
167900,931.0,1035.62890625,1966.62890625
168000,931.0,1041.140625,1972.140625
168100,931.0,1042.5859375,1973.5859375
168200,931.0,1048.0,1979.0
168300,931.0,1039.484375,1970.484375
168400,931.0,1038.203125,1969.203125
168500,931.0,1051.98828125,1982.98828125
168600,931.0,1043.35546875,1974.35546875
168700,931.0,1036.796875,1967.796875
168800,931.0,1022.90234375,1953.90234375
168900,931.0,1033.41015625,1964.41015625
169000,931.0,1041.669921875,1972.669921875
169100,931.0,1056.390625,1987.390625
169200,931.0,1080.27734375,2011.27734375
169300,931.0,1079.953125,2010.953125
169400,931.0,1077.2109375,2008.2109375
169500,931.0,1070.6328125,2001.6328125
169600,931.0,1065.09765625,1996.09765625
169700,931.0,1065.6796875,1996.6796875
169800,931.0,1068.0625,1999.0625
169900,931.0,1058.75390625,1989.75390625
170000,931.0,1067.58203125,1998.58203125
170100,931.0,1067.58740234375,1998.58740234375
170200,931.0,1068.0302734375,1999.0302734375
170300,931.0,1067.578125,1998.578125
170400,931.0,1067.22265625,1998.22265625
170500,931.0,1067.49560546875,1998.49560546875
170600,931.0,1067.10009765625,1998.10009765625
170700,931.0,1067.18896484375,1998.18896484375
170800,931.0,1065.8896484375,1996.8896484375
170900,931.0,1066.07470703125,1997.07470703125
171000,931.0,1066.32470703125,1997.32470703125
171100,931.0,1066.341796875,1997.341796875
171200,931.0,1066.7822265625,1997.7822265625
171300,931.0,1066.1044921875,1997.1044921875
171400,931.0,1067.12158203125,1998.12158203125
171500,931.0,1085.97265625,2016.97265625
171600,931.0,1083.548828125,2014.548828125
171700,931.0,1084.7978515625,2015.7978515625
171800,931.0,1085.74609375,2016.74609375
171900,931.0,1086.4541015625,2017.4541015625
172000,931.0,1085.4169921875,2016.4169921875
172100,931.0,1084.220703125,2015.220703125
172200,931.0,1085.6455078125,2016.6455078125
172300,931.0,1115.3076171875,2046.3076171875
172400,931.0,1115.73046875,2046.73046875
172500,931.0,1116.177734375,2047.177734375
172600,931.0,1113.728515625,2044.728515625
172700,931.0,1124.47705078125,2055.47705078125
172800,931.0,1124.64501953125,2055.64501953125
172900,931.0,1124.07275390625,2055.07275390625
173000,931.0,1123.64306640625,2054.64306640625
173100,931.0,1123.0712890625,2054.0712890625
173200,931.0,1122.41552734375,2053.41552734375
173300,931.0,1122.02685546875,2053.02685546875
173400,931.0,1121.80517578125,2052.80517578125
173500,931.0,1121.9990234375,2052.9990234375
173600,931.0,1121.12255859375,2052.12255859375
173700,931.0,1121.86474609375,2052.86474609375
173800,931.0,1121.0400390625,2052.0400390625
173900,931.0,1120.37890625,2051.37890625
174000,931.0,1120.3740234375,2051.3740234375
174100,931.0,1119.98095703125,2050.98095703125
174200,931.0,1120.01220703125,2051.01220703125
174300,931.0,1120.8154296875,2051.8154296875
174400,931.0,1121.3359375,2052.3359375
174500,931.0,1121.314453125,2052.314453125
174600,931.0,1121.7548828125,2052.7548828125
174700,931.0,1133.548828125,2064.548828125
174800,931.0,1132.947265625,2063.947265625
174900,931.0,1135.48046875,2066.48046875
175000,931.0,1136.236328125,2067.236328125
175100,931.0,1134.291015625,2065.291015625
175200,931.0,1132.71875,2063.71875
175300,931.0,1132.0693359375,2063.0693359375
175400,931.0,1132.275390625,2063.275390625
175500,931.0,1134.07421875,2065.07421875
175600,931.0,1135.341796875,2066.341796875
175700,931.0,1135.197265625,2066.197265625
175800,931.0,1134.0908203125,2065.0908203125
175900,931.0,1134.150390625,2065.150390625
176000,931.0,1134.3251953125,2065.3251953125
176100,973.0,1136.23046875,2109.23046875
176200,973.0,1134.609375,2107.609375
176300,973.0,1135.77734375,2108.77734375
176400,973.0,1133.3515625,2106.3515625
176500,973.0,1131.48828125,2104.48828125
176600,973.0,1133.443359375,2106.443359375
176700,973.0,1132.7783203125,2105.7783203125
176800,973.0,1132.76171875,2105.76171875
176900,973.0,1133.130859375,2106.130859375
177000,973.0,1154.396484375,2127.396484375
177100,973.0,1154.84814453125,2127.84814453125
177200,973.0,1154.0771484375,2127.0771484375
177300,973.0,1153.7451171875,2126.7451171875
177400,973.0,1169.685546875,2142.685546875
177500,973.0,1168.93359375,2141.93359375
177600,973.0,1172.392578125,2145.392578125
177700,973.0,1169.673828125,2142.673828125
177800,973.0,1170.716796875,2143.716796875
177900,973.0,1170.27734375,2143.27734375
178000,973.0,1170.896484375,2143.896484375
178100,973.0,1170.123046875,2143.123046875
178200,973.0,1169.8125,2142.8125
178300,973.0,1174.154296875,2147.154296875
178400,973.0,1173.736328125,2146.736328125
178500,973.0,1176.001953125,2149.001953125
178600,973.0,1175.953125,2148.953125
178700,973.0,1175.083984375,2148.083984375
178800,973.0,1172.564453125,2145.564453125
178900,973.0,1173.203125,2146.203125
179000,973.0,1173.349609375,2146.349609375
179100,973.0,1172.107421875,2145.107421875
179200,973.0,1169.927734375,2142.927734375
179300,973.0,1167.6640625,2140.6640625
179400,973.0,1167.4765625,2140.4765625
179500,994.0,1166.23828125,2160.23828125
179600,994.0,1163.453125,2157.453125
179700,994.0,1164.578125,2158.578125
179800,994.0,1161.376953125,2155.376953125
179900,994.0,1161.9453125,2155.9453125
180000,994.0,1169.3828125,2163.3828125
180100,994.0,1170.708984375,2164.708984375
180200,994.0,1168.8203125,2162.8203125
180300,994.0,1166.25,2160.25
180400,994.0,1161.29296875,2155.29296875
180500,994.0,1160.72265625,2154.72265625
180600,994.0,1161.734375,2155.734375
180700,994.0,1178.44921875,2172.44921875
180800,994.0,1191.2421875,2185.2421875
180900,994.0,1191.3828125,2185.3828125
181000,994.0,1198.515625,2192.515625
181100,994.0,1200.4765625,2194.4765625
181200,994.0,1197.3984375,2191.3984375
181300,994.0,1199.515625,2193.515625
181400,994.0,1190.4375,2184.4375
181500,994.0,1175.4296875,2169.4296875
181600,994.0,1177.01953125,2171.01953125
181700,994.0,1197.6484375,2191.6484375
181800,994.0,1201.9765625,2195.9765625
181900,994.0,1212.4609375,2206.4609375
182000,994.0,1224.4609375,2218.4609375
182100,994.0,1228.0234375,2222.0234375
182200,994.0,1236.9765625,2230.9765625
182300,994.0,1245.75,2239.75
182400,994.0,1225.6015625,2219.6015625
182500,994.0,1217.2265625,2211.2265625
182600,994.0,1207.6171875,2201.6171875
182700,994.0,1210.625,2204.625
182800,994.0,1213.6171875,2207.6171875
182900,994.0,1210.046875,2204.046875
183000,994.0,1214.53125,2208.53125
183100,994.0,1209.625,2203.625
183200,994.0,1211.4921875,2205.4921875
183300,994.0,1217.640625,2211.640625
183400,994.0,1206.2890625,2200.2890625
183500,994.0,1216.4921875,2210.4921875
183600,994.0,1221.921875,2215.921875
183700,994.0,1225.7109375,2219.7109375
183800,994.0,1228.5625,2222.5625
183900,994.0,1222.515625,2216.515625
184000,994.0,1217.046875,2211.046875
184100,994.0,1222.0546875,2216.0546875
184200,994.0,1221.921875,2215.921875
184300,994.0,1217.015625,2211.015625
184400,994.0,1200.6484375,2194.6484375
184500,994.0,1202.8203125,2196.8203125
184600,994.0,1212.8671875,2206.8671875
184700,994.0,1218.609375,2212.609375
184800,994.0,1218.09375,2212.09375
184900,994.0,1217.515625,2211.515625
185000,994.0,1216.2578125,2210.2578125
185100,994.0,1223.2109375,2217.2109375
185200,994.0,1268.890625,2262.890625
185300,994.0,1265.6796875,2259.6796875
185400,1022.0,1251.21875,2273.21875
185500,1022.0,1264.5078125,2286.5078125
185600,1022.0,1280.4375,2302.4375
185700,1022.0,1286.546875,2308.546875
185800,1022.0,1295.29296875,2317.29296875
185900,1022.0,1292.734375,2314.734375
186000,1022.0,1296.515625,2318.515625
186100,1022.0,1301.36328125,2323.36328125
186200,1022.0,1296.66796875,2318.66796875
186300,1022.0,1292.48046875,2314.48046875
186400,1022.0,1299.09375,2321.09375
186500,1022.0,1298.5546875,2320.5546875
186600,1022.0,1295.5859375,2317.5859375
186700,1022.0,1293.84765625,2315.84765625
186800,1022.0,1296.94140625,2318.94140625
186900,1022.0,1298.671875,2320.671875
187000,1022.0,1299.421875,2321.421875
187100,1022.0,1306.1953125,2328.1953125
187200,1022.0,1310.625,2332.625
187300,1022.0,1309.7734375,2331.7734375
187400,1022.0,1309.072265625,2331.072265625
187500,1022.0,1310.65625,2332.65625
187600,1022.0,1311.474609375,2333.474609375
187700,1022.0,1313.904296875,2335.904296875
187800,1022.0,1316.34375,2338.34375
187900,1022.0,1325.2578125,2347.2578125
188000,1022.0,1323.63671875,2345.63671875
188100,1022.0,1324.05078125,2346.05078125
188200,1022.0,1325.17578125,2347.17578125
188300,1022.0,1327.734375,2349.734375
188400,1022.0,1326.66015625,2348.66015625
188500,1022.0,1327.9375,2349.9375
188600,1022.0,1333.33203125,2355.33203125
188700,1022.0,1330.4296875,2352.4296875
188800,1022.0,1329.96484375,2351.96484375
188900,1022.0,1322.63671875,2344.63671875
189000,1022.0,1319.08203125,2341.08203125
189100,1022.0,1319.0234375,2341.0234375
189200,1022.0,1316.83984375,2338.83984375
189300,1022.0,1312.3828125,2334.3828125
189400,1022.0,1314.625,2336.625
189500,1022.0,1308.921875,2330.921875
189600,1022.0,1313.5390625,2335.5390625
189700,1022.0,1307.984375,2329.984375
189800,1022.0,1312.85546875,2334.85546875
189900,1022.0,1317.625,2339.625
190000,1022.0,1323.15625,2345.15625
190100,1022.0,1321.3203125,2343.3203125
190200,1022.0,1322.87890625,2344.87890625
190300,1022.0,1320.76953125,2342.76953125
190400,1022.0,1317.96484375,2339.96484375
190500,1022.0,1310.26953125,2332.26953125
190600,1022.0,1317.19921875,2339.19921875
190700,1022.0,1313.73046875,2335.73046875
190800,1022.0,1311.9609375,2333.9609375
190900,1022.0,1310.75,2332.75
191000,1022.0,1308.9921875,2330.9921875
191100,1022.0,1313.203125,2335.203125
191200,1022.0,1309.05078125,2331.05078125
191300,1022.0,1312.66796875,2334.66796875
191400,1022.0,1310.3671875,2332.3671875
191500,1022.0,1311.390625,2333.390625
191600,1022.0,1313.078125,2335.078125
191700,1022.0,1309.4609375,2331.4609375
191800,1022.0,1311.234375,2333.234375
191900,1022.0,1310.96484375,2332.96484375
192000,1022.0,1314.171875,2336.171875
192100,1022.0,1314.6640625,2336.6640625
192200,1022.0,1309.21875,2331.21875
192300,1022.0,1305.67578125,2327.67578125
192400,1022.0,1304.421875,2326.421875
192500,1022.0,1309.26171875,2331.26171875
192600,1022.0,1306.04296875,2328.04296875
192700,1022.0,1296.328125,2318.328125
192800,1022.0,1293.31640625,2315.31640625
192900,1022.0,1299.19921875,2321.19921875
193000,1022.0,1294.859375,2316.859375
193100,1022.0,1325.7421875,2347.7421875
193200,1022.0,1337.75390625,2359.75390625
193300,1022.0,1338.1796875,2360.1796875
193400,1022.0,1330.203125,2352.203125
193500,1022.0,1326.34375,2348.34375
193600,1022.0,1328.20703125,2350.20703125
193700,1022.0,1329.3359375,2351.3359375
193800,1022.0,1327.96484375,2349.96484375
193900,1022.0,1331.21875,2353.21875
194000,1022.0,1356.7265625,2378.7265625
194100,1022.0,1342.2421875,2364.2421875
194200,1022.0,1339.50390625,2361.50390625
194300,1022.0,1327.890625,2349.890625
194400,1022.0,1324.859375,2346.859375
194500,1022.0,1328.5234375,2350.5234375
194600,1022.0,1324.82421875,2346.82421875
194700,1022.0,1320.8984375,2342.8984375
194800,1022.0,1316.3984375,2338.3984375
194900,1022.0,1317.37109375,2339.37109375
195000,1022.0,1312.9609375,2334.9609375
195100,1022.0,1320.3671875,2342.3671875
195200,1022.0,1316.04296875,2338.04296875
195300,1022.0,1320.01171875,2342.01171875
195400,1022.0,1321.953125,2343.953125
195500,1022.0,1327.140625,2349.140625
195600,1022.0,1361.5234375,2383.5234375
195700,1022.0,1366.7890625,2388.7890625
195800,1022.0,1368.40625,2390.40625
195900,1022.0,1367.7265625,2389.7265625
196000,1022.0,1396.0703125,2418.0703125
196100,1022.0,1408.515625,2430.515625
196200,1022.0,1413.3203125,2435.3203125
196300,1022.0,1413.0,2435.0
196400,1022.0,1412.6328125,2434.6328125
196500,1022.0,1410.53125,2432.53125
196600,1022.0,1396.0546875,2418.0546875
196700,1022.0,1395.046875,2417.046875
196800,1022.0,1398.34375,2420.34375
196900,1022.0,1397.125,2419.125
197000,1022.0,1399.5859375,2421.5859375
197100,1022.0,1402.34375,2424.34375
197200,1022.0,1400.08203125,2422.08203125
197300,1022.0,1387.2578125,2409.2578125
197400,1022.0,1387.94921875,2409.94921875
197500,1022.0,1392.69921875,2414.69921875
197600,1022.0,1392.34375,2414.34375
197700,1022.0,1392.078125,2414.078125
197800,1022.0,1396.88671875,2418.88671875
197900,1022.0,1400.45703125,2422.45703125
198000,1022.0,1407.15625,2429.15625
198100,1022.0,1403.31640625,2425.31640625
198200,1022.0,1397.69140625,2419.69140625
198300,1022.0,1400.125,2422.125
198400,1022.0,1407.52734375,2429.52734375
198500,1022.0,1414.5859375,2436.5859375
198600,1022.0,1447.255859375,2469.255859375
198700,1022.0,1448.310546875,2470.310546875
198800,1022.0,1446.18359375,2468.18359375
198900,1022.0,1446.7734375,2468.7734375
199000,1022.0,1447.783203125,2469.783203125
199100,1022.0,1447.59765625,2469.59765625
199200,1022.0,1445.150390625,2467.150390625
199300,1022.0,1444.1796875,2466.1796875
199400,1022.0,1444.291015625,2466.291015625
199500,1022.0,1446.015625,2468.015625
199600,1022.0,1445.6015625,2467.6015625
199700,1022.0,1448.423828125,2470.423828125
199800,1022.0,1447.021484375,2469.021484375
199900,1022.0,1452.2890625,2474.2890625
